GT CT,MV CT,MV BO,MV ME,MV ONOI,MV BANOI,MV ONGOAI,MV BANGOAI,BWBANGOAI,BWBO,BWME,BWONOI,BWBANOI,BWONGOAI,BW CT
1,2,2,2,1,1,1,1,386,324,321,352,316,274,503
1,2,2,2,1,1,1,1,386,343,321,437,316,253,474
1,2,2,2,1,1,1,1,386,340,321,345,316,276,450
1,2,2,2,1,1,1,1,386,343,321,437,316,253,352
1,2,2,2,1,1,1,1,386,340,321,345,316,276,399
1,2,2,2,1,1,1,1,386,340,321,345,316,276,484
1,2,2,2,1,1,1,1,386,412,321,318,316,300,447
2,2,2,2,1,1,1,1,386,333,321,314,316,387,397
2,2,2,2,1,1,1,1,386,412,321,318,316,300,371
2,2,2,2,1,1,1,1,386,412,321,318,316,300,404
2,2,2,2,1,1,1,1,386,363,321,265,316,271,374
2,2,2,2,1,1,1,1,386,343,321,437,316,253,372
2,2,2,2,1,1,1,1,386,343,321,437,316,253,357
2,2,2,2,1,1,1,1,386,333,321,314,316,387,419
2,2,2,2,1,1,1,1,386,343,321,437,316,253,405
1,2,2,2,1,1,1,1,446,370,321,344,305,275,403
1,2,2,2,1,1,1,1,446,299,321,371,305,251,374
1,2,2,2,1,1,1,1,446,349,321,437,305,301,423
2,2,2,2,1,1,1,1,446,374,321,309,305,250,373
1,2,2,2,1,1,1,1,446,370,321,344,305,275,369
1,2,2,2,1,1,1,1,446,370,321,344,305,275,422
2,2,2,2,1,1,1,1,446,374,321,309,305,250,355
2,2,2,2,1,1,1,1,446,349,321,437,305,301,451
2,2,2,2,1,1,1,1,446,370,321,344,305,275,418
2,2,2,2,1,1,1,1,446,370,321,344,305,275,351
2,2,2,2,1,1,1,1,446,349,321,437,305,301,437
2,2,2,2,1,1,1,1,446,374,321,309,305,250,393
2,2,2,2,1,1,1,1,446,370,321,344,305,275,366
2,2,2,2,1,1,1,1,446,374,321,309,305,250,408
2,2,2,2,1,1,1,1,446,370,321,344,305,275,430
1,2,2,2,1,1,1,1,425,348,321,345,351,234,453
1,2,2,2,1,1,1,1,425,348,321,345,351,234,478
1,2,2,2,1,1,1,1,425,350,321,344,351,301,363
1,2,2,2,1,1,1,1,425,368,321,383,351,240,437
1,2,2,2,1,1,1,1,425,368,321,383,351,240,456
1,2,2,2,1,1,1,1,425,348,321,345,351,234,478
1,2,2,2,1,1,1,1,425,368,321,383,351,240,455
1,2,2,2,1,1,1,1,425,352,321,318,351,291,453
1,2,2,2,1,1,1,1,425,348,321,345,351,234,421
1,2,2,2,1,1,1,1,425,315,321,309,351,330,440
1,2,2,2,1,1,1,1,425,368,321,383,351,240,411
1,2,2,2,1,1,1,1,425,315,321,309,351,330,465
1,2,2,2,1,1,1,1,425,352,321,318,351,291,410
1,2,2,2,1,1,1,1,425,348,321,345,351,234,417
1,2,2,2,1,1,1,1,425,352,321,318,351,291,409
1,2,2,2,1,1,1,1,425,352,321,318,351,291,468
1,2,2,2,1,1,1,1,425,348,321,345,351,234,416
2,2,2,2,1,1,1,1,425,350,321,344,351,301,383
2,2,2,2,1,1,1,1,425,338,321,314,351,293,365
2,2,2,2,1,1,1,1,425,348,321,345,351,234,415
2,2,2,2,1,1,1,1,425,315,321,309,351,330,380
2,2,2,2,1,1,1,1,425,338,321,314,351,293,407
2,2,2,2,1,1,1,1,425,368,321,383,351,240,438
2,2,2,2,1,1,1,1,425,315,321,309,351,330,399
2,2,2,2,1,1,1,1,425,348,321,345,351,234,438
2,2,2,2,1,1,1,1,425,352,321,318,351,291,401
2,2,2,2,1,1,1,1,425,386,321,382,351,353,377
2,2,2,2,1,1,1,1,425,386,321,382,351,353,432
2,2,2,2,1,1,1,1,425,348,321,345,351,234,422
2,2,2,2,1,1,1,1,425,368,321,383,351,240,364
2,2,2,2,1,1,1,1,425,352,321,318,351,291,438
2,2,2,2,1,1,1,1,425,368,321,383,351,240,459
2,2,2,2,1,1,1,1,425,368,321,383,351,240,398
2,2,2,2,1,1,1,1,425,352,321,318,351,291,428
2,2,2,2,1,1,1,1,425,338,321,314,351,293,399
2,2,2,2,1,1,1,1,425,368,321,383,351,240,403
2,2,2,2,1,1,1,1,425,352,321,318,351,291,378
2,2,2,2,1,1,1,1,425,352,321,318,351,291,418
2,2,2,2,1,1,1,1,425,368,321,383,351,240,363
2,2,2,2,1,1,1,1,425,350,321,344,351,301,366
2,2,2,2,1,1,1,1,425,352,321,318,351,291,392
2,2,2,2,1,1,1,1,425,352,321,318,351,291,412
2,2,2,2,1,1,1,1,425,315,321,309,351,330,375
2,2,2,2,1,1,1,1,425,368,321,383,351,240,403
1,2,2,2,1,1,1,1,437,354,339,382,307,353,464
1,2,2,2,1,1,1,1,437,324,339,303,307,272,405
1,2,2,2,1,1,1,1,437,318,339,345,307,265,483
1,2,2,2,1,1,1,1,437,355,339,309,307,312,378
1,2,2,2,1,1,1,1,437,320,339,330,307,254,426
1,2,2,2,1,1,1,1,437,289,339,265,307,293,416
1,2,2,2,1,1,1,1,437,289,339,265,307,293,383
1,2,2,2,1,1,1,1,437,318,339,345,307,265,368
1,2,2,2,1,1,1,1,437,324,339,303,307,272,409
2,2,2,2,1,1,1,1,437,320,339,330,307,254,354
2,2,2,2,1,1,1,1,437,355,339,309,307,312,367
2,2,2,2,1,1,1,1,437,324,339,303,307,272,362
2,2,2,2,1,1,1,1,437,401,339,344,307,301,405
2,2,2,2,1,1,1,1,437,324,339,303,307,272,455
2,2,2,2,1,1,1,1,437,289,339,265,307,293,387
2,2,2,2,1,1,1,1,437,385,339,371,307,269,372
2,2,2,2,1,1,1,1,437,289,339,265,307,293,412
2,2,2,2,1,1,1,1,437,318,339,345,307,265,431
2,2,2,2,1,1,1,1,437,324,339,303,307,272,377
2,2,2,2,1,1,1,1,437,289,339,265,307,293,406
2,2,2,2,1,1,1,1,437,401,339,344,307,301,411
2,2,2,2,1,1,1,1,437,401,339,344,307,301,388
2,2,2,2,1,1,1,1,437,401,339,344,307,301,409
2,2,2,2,1,1,1,1,437,385,339,371,307,269,386
2,2,2,2,1,1,1,1,437,324,339,303,307,272,438
2,2,2,2,1,1,1,1,437,318,339,345,307,265,407
1,2,2,2,1,1,1,1,325,293,265,344,270,301,394
1,2,2,2,1,1,1,1,325,380,265,314,270,276,415
1,2,2,2,1,1,1,1,325,368,265,403,270,258,420
1,2,2,2,1,1,1,1,325,352,265,330,270,320,447
1,2,2,2,1,1,1,1,325,380,265,314,270,276,372
1,2,2,2,1,1,1,1,325,355,265,318,270,300,415
1,2,2,2,1,1,1,1,325,323,265,303,270,249,404
1,2,2,2,1,1,1,1,325,380,265,314,270,276,359
1,2,2,2,1,1,1,1,325,323,265,303,270,249,415
1,2,2,2,1,1,1,1,325,352,265,330,270,320,394
1,2,2,2,1,1,1,1,325,323,265,303,270,249,349
1,2,2,2,1,1,1,1,325,355,265,318,270,300,439
1,2,2,2,1,1,1,1,325,415,265,371,270,303,425
1,2,2,2,1,1,1,1,325,355,265,318,270,300,431
2,2,2,2,1,1,1,1,325,355,265,318,270,300,411
2,2,2,2,1,1,1,1,325,355,265,383,270,234,348
2,2,2,2,1,1,1,1,325,384,265,309,270,312,449
2,2,2,2,1,1,1,1,325,415,265,371,270,303,473
2,2,2,2,1,1,1,1,325,384,265,309,270,312,422
2,2,2,2,1,1,1,1,325,384,265,309,270,312,400
2,2,2,2,1,1,1,1,325,323,265,382,270,266,375
2,2,2,2,1,1,1,1,325,351,265,352,270,333,369
2,2,2,2,1,1,1,1,325,323,265,303,270,249,349
2,2,2,2,1,1,1,1,325,384,265,309,270,312,405
2,2,2,2,1,1,1,1,325,352,265,330,270,320,359
1,2,2,2,1,1,1,1,325,415,265,371,270,303,413
2,2,2,2,1,1,1,1,325,339,265,345,270,276,388
1,2,2,2,1,1,1,1,325,355,265,318,270,300,433
2,2,2,2,1,1,1,1,325,352,265,330,270,320,402
2,2,2,2,1,1,1,1,325,355,265,318,270,300,445
2,2,2,2,1,1,1,1,325,380,265,314,270,276,374
1,2,2,2,1,1,1,1,325,368,265,403,270,258,405
1,2,2,2,1,1,1,1,325,415,265,371,270,303,464
2,2,2,2,1,1,1,1,325,368,265,403,270,258,443
2,2,2,2,1,1,1,1,325,368,265,403,270,258,424
2,2,2,2,1,1,1,1,325,351,265,352,270,333,413
2,2,2,2,1,1,1,1,325,351,265,352,270,333,360
2,2,2,2,1,1,1,1,325,355,265,383,270,234,397
2,2,2,2,1,1,1,1,325,352,265,330,270,320,403
2,2,2,2,1,1,1,1,325,384,265,309,270,312,425
2,2,2,2,1,1,1,1,325,384,265,309,270,312,411
2,2,2,2,1,1,1,1,325,352,265,330,270,320,357
1,2,2,2,1,1,1,1,472,335,265,330,221,238,450
1,2,2,2,1,1,1,1,472,325,265,344,221,275,416
2,2,2,2,1,1,1,1,472,323,265,352,221,333,356
1,2,2,2,1,1,1,1,472,335,265,330,221,238,427
2,2,2,2,1,1,1,1,472,363,265,371,221,223,348
2,2,2,2,1,1,1,1,472,355,265,383,221,226,361
2,2,2,2,1,1,1,1,472,355,265,383,221,226,397
2,2,2,2,1,1,1,1,472,385,265,314,221,266,369
2,2,2,2,1,1,1,1,472,355,265,383,221,226,344
2,2,2,2,1,1,1,1,472,396,265,345,221,234,357
2,2,2,2,1,1,1,1,472,385,265,314,221,266,387
2,2,2,2,1,1,1,1,472,355,265,383,221,226,380
2,2,2,2,1,1,1,1,472,355,265,383,221,226,375
2,2,2,2,1,1,1,1,472,385,265,314,221,266,364
2,2,2,2,1,1,1,1,472,385,265,314,221,266,362
2,2,2,2,1,1,1,1,472,355,265,383,221,226,359
2,2,2,2,1,1,1,1,472,363,265,371,221,223,351
1,2,2,2,1,1,1,1,337,381,297,403,229,326,397
1,2,2,2,1,1,1,1,337,388,297,383,229,234,412
1,2,2,2,1,1,1,1,337,418,297,345,229,355,428
1,2,2,2,1,1,1,1,337,381,297,403,229,326,370
1,2,2,2,1,1,1,1,337,362,297,330,229,238,408
1,2,2,2,1,1,1,1,337,418,297,345,229,355,399
1,2,2,2,1,1,1,1,337,388,297,383,229,234,387
1,2,2,2,1,1,1,1,337,381,297,403,229,326,392
1,2,2,2,1,1,1,1,337,340,297,382,229,237,390
1,2,2,2,1,1,1,1,337,359,297,314,229,276,348
1,2,2,2,1,1,1,1,337,418,297,345,229,355,350
1,2,2,2,1,1,1,1,337,418,297,345,229,355,554
2,2,2,2,1,1,1,1,337,346,297,303,229,341,380
2,2,2,2,1,1,1,1,337,388,297,383,229,234,392
2,2,2,2,1,1,1,1,337,418,297,345,229,355,533
2,2,2,2,1,1,1,1,337,418,297,345,229,355,413
2,2,2,2,1,1,1,1,337,359,297,314,229,276,349
2,2,2,2,1,1,1,1,337,372,297,352,229,284,360
2,2,2,2,1,1,1,1,337,346,297,303,229,341,376
2,2,2,2,1,1,1,1,337,418,297,345,229,355,406
2,2,2,2,1,1,1,1,337,372,297,352,229,284,384
2,2,2,2,1,1,1,1,337,388,297,383,229,234,429
2,2,2,2,1,1,1,1,337,346,297,303,229,341,409
2,2,2,2,1,1,1,1,337,418,297,345,229,355,430
2,2,2,2,1,1,1,1,337,418,297,345,229,355,427
2,2,2,2,1,1,1,1,337,340,297,382,229,237,421
2,2,2,2,1,1,1,1,337,381,297,403,229,326,415
2,2,2,2,1,1,1,1,337,381,297,403,229,326,369
2,2,2,2,1,1,1,1,337,390,297,285,229,230,424
1,2,2,2,1,1,1,1,430,361,313,281,265,295,425
1,2,2,2,1,1,1,1,430,409,313,352,265,281,453
1,2,2,2,1,1,1,1,430,382,313,403,265,329,399
1,2,2,2,1,1,1,1,430,345,313,285,265,279,368
1,2,2,2,1,1,1,1,430,409,313,352,265,281,406
1,2,2,2,1,1,1,1,430,342,313,383,265,302,453
1,2,2,2,1,1,1,1,430,409,313,352,265,281,467
1,2,2,2,1,1,1,1,430,342,313,383,265,302,439
1,2,2,2,1,1,1,1,430,342,313,383,265,302,465
1,2,2,2,1,1,1,1,430,360,313,342,265,313,412
1,2,2,2,1,1,1,1,430,377,313,330,265,347,423
1,2,2,2,1,1,1,1,430,361,313,281,265,295,398
1,2,2,2,1,1,1,1,430,398,313,382,265,266,412
1,2,2,2,1,1,1,1,430,328,313,345,265,262,446
2,2,2,2,1,1,1,1,430,409,313,352,265,281,440
1,2,2,2,1,1,1,1,430,342,313,383,265,302,491
1,2,2,2,1,1,1,1,430,382,313,403,265,329,407
1,2,2,2,1,1,1,1,430,392,313,314,265,387,413
1,2,2,2,1,1,1,1,430,326,313,371,265,252,397
1,2,2,2,1,1,1,1,430,328,313,345,265,262,445
1,2,2,2,1,1,1,1,430,392,313,314,265,387,394
1,2,2,2,1,1,1,1,430,382,313,403,265,329,434
1,2,2,2,1,1,1,1,430,328,313,345,265,262,505
1,2,2,2,1,1,1,1,430,328,313,345,265,262,479
1,2,2,2,1,1,1,1,430,360,313,342,265,313,438
1,2,2,2,1,1,1,1,430,411,313,303,265,341,459
1,2,2,2,1,1,1,1,430,382,313,403,265,329,463
1,2,2,2,1,1,1,1,430,409,313,352,265,281,429
1,2,2,2,1,1,1,1,430,360,313,342,265,313,462
2,2,2,2,1,1,1,1,430,342,313,383,265,302,397
2,2,2,2,1,1,1,1,430,392,313,314,265,387,418
2,2,2,2,1,1,1,1,430,377,313,330,265,347,412
2,2,2,2,1,1,1,1,430,345,313,285,265,279,407
2,2,2,2,1,1,1,1,430,398,313,382,265,266,427
2,2,2,2,1,1,1,1,430,382,313,403,265,329,398
2,2,2,2,1,1,1,1,430,409,313,352,265,281,462
2,2,2,2,1,1,1,1,430,361,313,281,265,295,386
2,2,2,2,1,1,1,1,430,361,313,281,265,295,396
2,2,2,2,1,1,1,1,430,409,313,352,265,281,468
2,2,2,2,1,1,1,1,430,392,313,314,265,387,357
2,2,2,2,1,1,1,1,430,360,313,342,265,313,439
2,2,2,2,1,1,1,1,430,411,313,303,265,341,432
2,2,2,2,1,1,1,1,430,377,313,330,265,347,421
2,2,2,2,1,1,1,1,430,342,313,383,265,302,407
2,2,2,2,1,1,1,1,430,409,313,352,265,281,401
2,2,2,2,1,1,1,1,430,398,313,382,265,266,489
2,2,2,2,1,1,1,1,430,360,313,342,265,313,375
2,2,2,2,1,1,1,1,430,409,313,352,265,281,425
2,2,2,2,1,1,1,1,430,392,313,314,265,387,424
2,2,2,2,1,1,1,1,430,345,313,285,265,279,369
2,2,2,2,1,1,1,1,430,342,313,383,265,302,416
2,2,2,2,1,1,1,1,430,377,313,330,265,347,394
2,2,2,2,1,1,1,1,430,328,313,345,265,262,508
2,2,2,2,1,1,1,1,430,345,313,285,265,279,372
2,2,2,2,1,1,1,1,430,382,313,403,265,329,486
2,2,2,2,1,1,1,1,430,328,313,345,265,262,414
2,2,2,2,1,1,1,1,430,345,313,285,265,279,348
2,2,2,2,1,1,1,1,430,382,313,403,265,329,389
2,2,2,2,1,1,1,1,430,342,313,383,265,302,403
2,2,2,2,1,1,1,1,430,342,313,383,265,302,393
2,2,2,2,1,1,1,1,430,398,313,382,265,266,427
2,2,2,2,1,1,1,1,430,328,313,345,265,262,455
2,2,2,2,1,1,1,1,430,409,313,352,265,281,478
2,2,2,2,1,1,1,1,430,411,313,303,265,341,442
2,2,2,2,1,1,1,1,430,345,313,285,265,279,379
2,2,2,2,1,1,1,1,430,411,313,303,265,341,405
2,2,2,2,1,1,1,1,430,328,313,345,265,262,514
2,2,2,2,1,1,1,1,430,409,313,352,265,281,466
2,2,2,2,1,1,1,1,430,345,313,285,265,279,362
2,2,2,2,1,1,1,1,430,382,313,403,265,329,451
2,2,2,2,1,1,1,1,430,411,313,303,265,341,478
2,2,2,2,1,1,1,1,430,345,313,285,265,279,432
1,2,2,2,1,1,1,1,367,331,318,383,300,234,417
1,2,2,2,1,1,1,1,367,292,318,285,300,230,379
1,2,2,2,1,1,1,1,367,388,318,303,300,278,350
1,2,2,2,1,1,1,1,367,328,318,403,300,248,380
1,2,2,2,1,1,1,1,367,331,318,383,300,234,432
2,2,2,2,1,1,1,1,367,388,318,303,300,278,378
2,2,2,2,1,1,1,1,367,389,318,330,300,331,441
2,2,2,2,1,1,1,1,367,389,318,330,300,331,419
2,2,2,2,1,1,1,1,367,389,318,330,300,331,351
2,2,2,2,1,1,1,1,367,388,318,303,300,278,403
2,2,2,2,1,1,1,1,367,331,318,383,300,234,418
2,2,2,2,1,1,1,1,367,389,318,330,300,331,403
2,2,2,2,1,1,1,1,367,321,318,382,300,353,426
2,2,2,2,1,1,1,1,367,388,318,303,300,278,371
2,2,2,2,1,1,1,1,367,331,318,383,300,234,403
2,2,2,2,1,1,1,1,367,388,318,303,300,278,345
2,2,2,2,1,1,1,1,367,331,318,383,300,234,371
2,2,2,2,1,1,1,1,367,331,318,383,300,234,454
2,2,2,2,1,1,1,1,367,331,318,383,300,234,378
2,2,2,2,1,1,1,1,367,292,318,285,300,230,343
2,2,2,2,1,1,1,1,367,292,318,285,300,230,416
2,2,2,2,1,1,1,1,367,389,318,330,300,331,403
2,2,2,2,1,1,1,1,367,321,318,382,300,353,401
2,2,2,2,1,1,1,1,367,389,318,330,300,331,355
2,2,2,2,1,1,1,1,367,331,318,383,300,234,421
2,2,2,2,1,1,1,1,367,321,318,382,300,353,416
2,2,2,2,1,1,1,1,367,321,318,382,300,353,428
2,2,2,2,1,1,1,1,367,389,318,330,300,331,356
1,2,2,2,1,1,1,1,418,362,318,314,288,276,447
1,2,2,2,1,1,1,1,418,352,318,330,288,331,436
1,2,2,2,1,1,1,1,418,380,318,352,288,312,448
1,2,2,2,1,1,1,1,418,337,318,345,288,244,378
1,2,2,2,1,1,1,1,418,386,318,342,288,260,444
1,2,2,2,1,1,1,1,418,380,318,352,288,312,398
2,2,2,2,1,1,1,1,418,362,318,314,288,276,409
2,2,2,2,1,1,1,1,418,308,318,371,288,303,399
2,2,2,2,1,1,1,1,418,308,318,371,288,303,378
2,2,2,2,1,1,1,1,418,324,318,383,288,247,366
2,2,2,2,1,1,1,1,418,352,318,330,288,331,402
2,2,2,2,1,1,1,1,418,324,318,383,288,247,415
2,2,2,2,1,1,1,1,418,386,318,342,288,260,368
2,2,2,2,1,1,1,1,418,324,318,383,288,247,415
2,2,2,2,1,1,1,1,418,380,318,352,288,312,390
1,2,2,2,1,1,1,1,418,308,318,371,288,303,434
2,2,2,2,1,1,1,1,418,386,318,342,288,260,403
2,2,2,2,1,1,1,1,418,362,318,314,288,276,381
2,2,2,2,1,1,1,1,418,284,318,285,288,233,347
2,2,2,2,1,1,1,1,418,362,318,314,288,276,412
1,2,2,2,1,1,1,1,433,329,368,314,256,293,416
1,2,2,2,1,1,1,1,433,406,368,342,256,376,441
1,2,2,2,1,1,1,1,433,362,368,330,256,331,412
1,2,2,2,1,1,1,1,433,362,368,330,256,331,350
1,2,2,2,1,1,1,1,433,329,368,314,256,293,383
1,2,2,2,1,1,1,1,433,328,368,265,256,241,403
1,2,2,2,1,1,1,1,433,362,368,330,256,331,359
1,2,2,2,1,1,1,1,433,328,368,265,256,241,386
1,2,2,2,1,1,1,1,433,328,368,265,256,241,377
1,2,2,2,1,1,1,1,433,385,368,285,256,321,377
1,2,2,2,1,1,1,1,433,283,368,382,256,285,392
1,2,2,2,1,1,1,1,433,299,368,403,256,220,423
1,2,2,2,1,1,1,1,433,329,368,314,256,293,417
1,2,2,2,1,1,1,1,433,348,368,403,256,265,465
1,2,2,2,1,1,1,1,433,385,368,285,256,321,354
2,2,2,2,1,1,1,1,433,299,368,403,256,220,352
1,2,2,2,1,1,1,1,433,329,368,314,256,293,429
2,2,2,2,1,1,1,1,433,379,368,303,256,315,360
2,2,2,2,1,1,1,1,433,329,368,314,256,293,397
2,2,2,2,1,1,1,1,433,385,368,285,256,321,366
2,2,2,2,1,1,1,1,433,329,368,314,256,293,390
2,2,2,2,1,1,1,1,433,406,368,342,256,376,386
2,2,2,2,1,1,1,1,433,328,368,265,256,241,379
2,2,2,2,1,1,1,1,433,299,368,403,256,220,351
2,2,2,2,1,1,1,1,433,329,368,314,256,293,395
2,2,2,2,1,1,1,1,433,379,368,303,256,315,410
2,2,2,2,1,1,1,1,433,299,368,403,256,220,360
2,2,2,2,1,1,1,1,433,328,368,265,256,241,465
2,2,2,2,1,1,1,1,433,362,368,330,256,331,358
2,2,2,2,1,1,1,1,433,329,368,314,256,293,403
1,2,2,2,1,1,1,1,375,384,368,403,232,329,409
1,2,2,2,1,1,1,1,375,318,368,265,232,241,349
1,2,2,2,1,1,1,1,375,351,368,342,232,313,387
1,2,2,2,1,1,1,1,375,315,368,285,232,263,401
1,2,2,2,1,1,1,1,375,353,368,382,232,299,445
1,2,2,2,1,1,1,1,375,341,368,403,232,327,378
1,2,2,2,1,1,1,1,375,315,368,285,232,263,498
1,2,2,2,1,1,1,1,375,369,368,303,232,315,462
1,2,2,2,1,1,1,1,375,360,368,330,232,331,384
1,2,2,2,1,1,1,1,375,341,368,403,232,327,434
1,2,2,2,1,1,1,1,375,369,368,303,232,315,425
1,2,2,2,1,1,1,1,375,369,368,303,232,315,374
2,2,2,2,1,1,1,1,375,360,368,330,232,331,466
2,2,2,2,1,1,1,1,375,341,368,403,232,327,434
2,2,2,2,1,1,1,1,375,360,368,330,232,331,426
2,2,2,2,1,1,1,1,375,360,368,330,232,331,385
2,2,2,2,1,1,1,1,375,341,368,403,232,327,392
2,2,2,2,1,1,1,1,375,319,368,371,232,251,397
2,2,2,2,1,1,1,1,375,360,368,330,232,331,416
2,2,2,2,1,1,1,1,375,360,368,330,232,331,408
2,2,2,2,1,1,1,1,375,353,368,382,232,299,394
2,2,2,2,1,1,1,1,375,315,368,285,232,263,364
2,2,2,2,1,1,1,1,375,315,368,285,232,263,395
2,2,2,2,1,1,1,1,375,341,368,403,232,327,403
2,2,2,2,1,1,1,1,375,360,368,330,232,331,423
2,2,2,2,1,1,1,1,375,318,368,265,232,241,365
2,2,2,2,1,1,1,1,375,353,368,382,232,299,432
2,2,2,2,1,1,1,1,375,319,368,371,232,251,382
2,2,2,2,1,1,1,1,375,319,368,371,232,251,370
2,2,2,2,1,1,1,1,375,360,368,330,232,331,469
2,2,2,2,1,1,1,1,375,315,368,285,232,263,365
2,2,2,2,1,1,1,1,375,360,368,330,232,331,464
2,2,2,2,1,1,1,1,375,319,368,371,232,251,438
2,2,2,2,1,1,1,1,375,319,368,371,232,251,396
2,2,2,2,1,1,1,1,375,319,368,371,232,251,422
2,2,2,2,1,1,1,1,375,318,368,265,232,241,426
2,2,2,2,1,1,1,1,375,360,368,330,232,331,424
2,2,2,2,1,1,1,1,375,318,368,265,232,241,384
2,2,2,2,1,1,1,1,375,309,368,260,232,282,379
2,2,2,2,1,1,1,1,375,353,368,382,232,299,419
1,2,2,2,1,1,1,1,366,353,281,382,297,314,389
1,2,2,2,1,1,1,1,366,376,281,403,297,258,455
1,2,2,2,1,1,1,1,366,376,281,403,297,258,365
1,2,2,2,1,1,1,1,366,327,281,285,297,230,454
1,2,2,2,1,1,1,1,366,327,281,285,297,230,421
1,2,2,2,1,1,1,1,366,298,281,260,297,257,384
1,2,2,2,1,1,1,1,366,353,281,382,297,314,437
1,2,2,2,1,1,1,1,366,376,281,403,297,258,480
2,2,2,2,1,1,1,1,366,361,281,334,297,291,413
2,2,2,2,1,1,1,1,366,361,281,334,297,291,400
2,2,2,2,1,1,1,1,366,327,281,285,297,230,370
2,2,2,2,1,1,1,1,366,353,281,382,297,314,356
2,2,2,2,1,1,1,1,366,394,281,342,297,273,353
2,2,2,2,1,1,1,1,366,361,281,334,297,291,390
1,2,2,2,1,1,1,1,366,378,281,307,297,289,408
2,2,2,2,1,1,1,1,366,353,281,382,297,314,410
2,2,2,2,1,1,1,1,366,394,281,342,297,273,390
2,2,2,2,1,1,1,1,366,409,281,350,297,391,366
2,2,2,2,1,1,1,1,366,361,281,334,297,291,370
2,2,2,2,1,1,1,1,366,353,281,382,297,314,359
2,2,2,2,1,1,1,1,366,353,281,382,297,314,366
2,2,2,2,1,1,1,1,366,361,281,334,297,291,387
2,2,2,2,1,1,1,1,366,350,281,403,297,327,371
1,2,2,2,1,1,1,1,447,301,382,403,353,327,375
1,2,2,2,1,1,1,1,447,356,382,265,353,287,468
1,2,2,2,1,1,1,1,447,356,382,265,353,287,431
1,2,2,2,1,1,1,1,447,370,382,342,353,265,461
1,2,2,2,1,1,1,1,447,370,382,342,353,265,431
1,2,2,2,1,1,1,1,447,342,382,334,353,238,437
1,2,2,2,1,1,1,1,447,370,382,342,353,265,474
1,2,2,2,1,1,1,1,447,370,382,342,353,265,414
1,2,2,2,1,1,1,1,447,348,382,281,353,297,461
1,2,2,2,1,1,1,1,447,370,382,342,353,265,451
1,2,2,2,1,1,1,1,447,342,382,334,353,238,410
1,2,2,2,1,1,1,1,447,320,382,303,353,274,417
1,2,2,2,1,1,1,1,447,343,382,403,353,248,414
1,2,2,2,1,1,1,1,447,356,382,265,353,287,406
1,2,2,2,1,1,1,1,447,343,382,403,353,248,353
1,2,2,2,1,1,1,1,447,370,382,342,353,265,452
1,2,2,2,1,1,1,1,447,373,382,333,353,283,417
1,2,2,2,1,1,1,1,447,343,382,403,353,248,353
2,2,2,2,1,1,1,1,447,373,382,333,353,283,435
2,2,2,2,1,1,1,1,447,370,382,342,353,265,412
2,2,2,2,1,1,1,1,447,343,382,403,353,248,390
2,2,2,2,1,1,1,1,447,343,382,403,353,248,388
1,2,2,2,1,1,1,1,447,370,382,342,353,265,440
2,2,2,2,1,1,1,1,447,370,382,342,353,265,426
2,2,2,2,1,1,1,1,447,364,382,285,353,321,364
2,2,2,2,1,1,1,1,447,370,382,342,353,265,397
2,2,2,2,1,1,1,1,447,342,382,334,353,238,388
2,2,2,2,1,1,1,1,447,370,382,342,353,265,402
2,2,2,2,1,1,1,1,447,343,382,403,353,248,498
1,2,2,2,1,1,1,1,447,348,382,281,353,297,429
2,2,2,2,1,1,1,1,447,356,382,265,353,287,374
2,2,2,2,1,1,1,1,447,343,382,403,353,248,395
2,2,2,2,1,1,1,1,447,356,382,265,353,287,388
2,2,2,2,1,1,1,1,447,370,382,342,353,265,384
2,2,2,2,1,1,1,1,447,363,382,307,353,273,382
2,2,2,2,1,1,1,1,447,348,382,281,353,297,399
2,2,2,2,1,1,1,1,447,320,382,303,353,274,344
2,2,2,2,1,1,1,1,447,363,382,307,353,273,429
2,2,2,2,1,1,1,1,447,348,382,281,353,297,439
2,2,2,2,1,1,1,1,447,356,382,265,353,287,386
2,2,2,2,1,1,1,1,447,363,382,307,353,273,413
2,2,2,2,1,1,1,1,447,301,382,403,353,327,464
1,2,2,2,1,1,1,1,399,340,382,281,316,297,441
1,2,2,2,1,1,1,1,399,340,382,281,316,297,365
1,2,2,2,1,1,1,1,399,361,382,285,316,263,409
1,2,2,2,1,1,1,1,399,355,382,403,316,327,440
1,2,2,2,1,1,1,1,399,361,382,285,316,263,399
1,2,2,2,1,1,1,1,399,361,382,285,316,263,408
1,2,2,2,1,1,1,1,399,308,382,334,316,242,429
1,2,2,2,1,1,1,1,399,308,382,334,316,242,418
1,2,2,2,1,1,1,1,399,340,382,281,316,297,441
1,2,2,2,1,1,1,1,399,361,382,285,316,263,379
1,2,2,2,1,1,1,1,399,350,382,303,316,274,451
1,2,2,2,1,1,1,1,399,350,382,303,316,274,398
1,2,2,2,1,1,1,1,399,290,382,265,316,287,378
1,2,2,2,1,1,1,1,399,340,382,281,316,297,364
2,2,2,2,1,1,1,1,399,350,382,303,316,274,387
2,2,2,2,1,1,1,1,399,350,382,303,316,274,375
2,2,2,2,1,1,1,1,399,358,382,342,316,233,388
2,2,2,2,1,1,1,1,399,355,382,403,316,327,358
2,2,2,2,1,1,1,1,399,364,382,403,316,258,382
2,2,2,2,1,1,1,1,399,290,382,265,316,287,429
2,2,2,2,1,1,1,1,399,355,382,403,316,327,384
2,2,2,2,1,1,1,1,399,364,382,403,316,258,372
2,2,2,2,1,1,1,1,399,394,382,307,316,237,384
2,2,2,2,1,1,1,1,399,290,382,265,316,287,411
2,2,2,2,1,1,1,1,399,361,382,285,316,263,414
2,2,2,2,1,1,1,1,399,290,382,265,316,287,362
2,2,2,2,1,1,1,1,399,355,382,403,316,327,396
2,2,2,2,1,1,1,1,399,355,382,403,316,327,401
2,2,2,2,1,1,1,1,399,394,382,307,316,237,386
2,2,2,2,1,1,1,1,399,394,382,307,316,237,384
2,2,2,2,1,1,1,1,399,394,382,307,316,237,394
2,2,2,2,1,1,1,1,399,290,382,265,316,287,345
2,2,2,2,1,1,1,1,399,394,382,307,316,237,480
2,2,2,2,1,1,1,1,399,355,382,403,316,327,423
2,2,2,2,1,1,1,1,399,358,382,342,316,233,380
2,2,2,2,1,1,1,1,399,340,382,281,316,297,477
2,2,2,2,1,1,1,1,399,355,382,403,316,327,350
2,2,2,2,1,1,1,1,399,340,382,281,316,297,370
2,2,2,2,1,1,1,1,399,340,382,281,316,297,404
2,2,2,2,1,1,1,1,399,355,382,403,316,327,357
2,2,2,2,1,1,1,1,399,358,382,342,316,233,356
1,2,2,2,1,1,1,1,434,303,382,334,237,313,425
1,2,2,2,1,1,1,1,434,303,382,334,237,313,419
1,2,2,2,1,1,1,1,434,303,382,334,237,313,463
1,2,2,2,1,1,1,1,434,303,382,334,237,313,407
1,2,2,2,1,1,1,1,434,398,382,403,237,258,437
1,2,2,2,1,1,1,1,434,326,382,285,237,336,372
1,2,2,2,1,1,1,1,434,303,382,334,237,313,495
2,2,2,2,1,1,1,1,434,332,382,350,237,391,402
2,2,2,2,1,1,1,1,434,332,382,350,237,391,382
2,2,2,2,1,1,1,1,434,338,382,307,237,249,366
2,2,2,2,1,1,1,1,434,381,382,342,237,376,371
2,2,2,2,1,1,1,1,434,381,382,342,237,376,384
2,2,2,2,1,1,1,1,434,361,382,281,237,312,426
2,2,2,2,1,1,1,1,434,381,382,342,237,376,419
2,2,2,2,1,1,1,1,434,314,382,260,237,276,380
2,2,2,2,1,1,1,1,434,303,382,334,237,313,386
2,2,2,2,1,1,1,1,434,398,382,403,237,258,421
2,2,2,2,1,1,1,1,434,398,382,403,237,258,422
2,2,2,2,1,1,1,1,434,361,382,281,237,312,384
2,2,2,2,1,1,1,1,434,303,382,334,237,313,396
2,2,2,2,1,1,1,1,434,303,382,334,237,313,407
2,2,2,2,1,1,1,1,434,303,382,334,237,313,394
2,2,2,2,1,1,1,1,434,332,382,350,237,391,447
2,2,2,2,1,1,1,1,434,303,382,334,237,313,396
2,2,2,2,1,1,1,1,434,332,382,350,237,391,472
2,2,2,2,1,1,1,1,434,357,382,403,237,280,407
2,2,2,2,1,1,1,1,434,385,382,265,237,247,418
2,2,2,2,1,1,1,1,434,361,382,281,237,312,395
1,2,2,2,1,1,1,1,434,385,382,265,237,247,425
2,2,2,2,1,1,1,1,434,314,382,260,237,276,384
2,2,2,2,1,1,1,1,434,361,382,281,237,312,392
2,2,2,2,1,1,1,1,434,326,382,285,237,336,342
1,2,2,2,1,1,1,1,445,325,382,265,353,241,458
1,2,2,2,1,1,1,1,445,330,382,303,353,322,448
1,2,2,2,1,1,1,1,445,298,382,281,353,294,458
1,2,2,2,1,1,1,1,445,325,382,265,353,241,367
1,2,2,2,1,1,1,1,445,325,382,265,353,241,462
1,2,2,2,1,1,1,1,445,378,382,333,353,285,444
1,2,2,2,1,1,1,1,445,378,382,333,353,285,424
1,2,2,2,1,1,1,1,445,371,382,334,353,288,472
1,2,2,2,1,1,1,1,445,378,382,333,353,285,447
1,2,2,2,1,1,1,1,445,371,382,334,353,288,380
1,2,2,2,1,1,1,1,445,298,382,281,353,294,413
1,2,2,2,1,1,1,1,445,298,382,281,353,294,460
2,2,2,2,1,1,1,1,445,325,382,265,353,241,442
2,2,2,2,1,1,1,1,445,325,382,265,353,241,406
2,2,2,2,1,1,1,1,445,371,382,334,353,288,384
2,2,2,2,1,1,1,1,445,378,382,333,353,285,388
2,2,2,2,1,1,1,1,445,378,382,333,353,285,405
2,2,2,2,1,1,1,1,445,311,382,350,353,274,397
2,2,2,2,1,1,1,1,445,298,382,281,353,294,384
2,2,2,2,1,1,1,1,445,330,382,303,353,322,386
2,2,2,2,1,1,1,1,445,311,382,350,353,274,391
2,2,2,2,1,1,1,1,445,378,382,333,353,285,398
2,2,2,2,1,1,1,1,445,378,382,333,353,285,414
2,2,2,2,1,1,1,1,445,325,382,265,353,241,421
2,2,2,2,1,1,1,1,445,325,382,265,353,241,404
1,2,2,2,1,1,1,1,358,349,382,350,285,283,397
1,2,2,2,1,1,1,1,358,413,382,407,285,269,452
1,2,2,2,1,1,1,1,358,385,382,303,285,274,452
2,2,2,2,1,1,1,1,358,385,382,303,285,274,445
2,2,2,2,1,1,1,1,358,345,382,265,285,221,385
2,2,2,2,1,1,1,1,358,345,382,265,285,221,445
2,2,2,2,1,1,1,1,358,345,382,265,285,221,388
2,2,2,2,1,1,1,1,358,341,382,403,285,282,414
2,2,2,2,1,1,1,1,358,349,382,350,285,283,438
2,2,2,2,1,1,1,1,358,313,382,342,285,283,371
2,2,2,2,1,1,1,1,358,341,382,403,285,282,436
2,2,2,2,1,1,1,1,358,385,382,303,285,274,460
2,2,2,2,1,1,1,1,358,341,382,403,285,282,456
2,2,2,2,1,1,1,1,358,313,382,342,285,283,378
2,2,2,2,1,1,1,1,358,345,382,265,285,221,352
2,2,2,2,1,1,1,1,358,385,382,303,285,274,351
2,2,2,2,1,1,1,1,358,413,382,407,285,269,368
2,2,2,2,1,1,1,1,358,322,382,260,285,276,377
1,2,2,2,1,1,1,1,409,396,321,403,294,327,470
1,2,2,2,1,1,1,1,409,286,321,307,294,241,379
1,2,2,2,1,1,1,1,409,320,321,303,294,249,386
1,2,2,2,1,1,1,1,409,331,321,407,294,296,429
1,2,2,2,1,1,1,1,409,320,321,303,294,249,471
1,2,2,2,1,1,1,1,409,299,321,265,294,221,401
1,2,2,2,1,1,1,1,409,286,321,307,294,241,437
1,2,2,2,1,1,1,1,409,332,321,260,294,276,500
2,2,2,2,1,1,1,1,409,332,321,260,294,276,418
2,2,2,2,1,1,1,1,409,299,321,334,294,242,419
2,2,2,2,1,1,1,1,409,286,321,307,294,241,359
2,2,2,2,1,1,1,1,409,383,321,342,294,265,411
2,2,2,2,1,1,1,1,409,332,321,260,294,276,433
2,2,2,2,1,1,1,1,409,299,321,265,294,221,364
2,2,2,2,1,1,1,1,409,396,321,403,294,327,380
2,2,2,2,1,1,1,1,409,396,321,403,294,327,435
2,2,2,2,1,1,1,1,409,286,321,307,294,241,411
2,2,2,2,1,1,1,1,409,299,321,334,294,242,353
2,2,2,2,1,1,1,1,409,351,321,268,294,334,409
2,2,2,2,1,1,1,1,409,383,321,342,294,265,369
2,2,2,2,1,1,1,1,409,332,321,260,294,276,378
2,2,2,2,1,1,1,1,409,396,321,403,294,327,418
2,2,2,2,1,1,1,1,409,299,321,265,294,221,397
2,2,2,2,1,1,1,1,409,396,321,403,294,327,398
2,2,2,2,1,1,1,1,409,320,321,303,294,249,399
2,2,2,2,1,1,1,1,409,343,321,350,294,272,359
2,2,2,2,1,1,1,1,409,396,321,403,294,327,379
2,2,2,2,1,1,1,1,409,331,321,407,294,296,422
2,2,2,2,1,1,1,1,409,396,321,403,294,327,400
2,2,2,2,1,1,1,1,409,343,321,350,294,272,368
2,2,2,2,1,1,1,1,409,396,321,403,294,327,354
2,2,2,2,1,1,1,1,409,396,321,403,294,327,402
2,2,2,2,1,1,1,1,409,299,321,265,294,221,378
2,2,2,2,1,1,1,1,409,299,321,265,294,221,405
2,2,2,2,1,1,1,1,409,299,321,265,294,221,368
2,2,2,2,1,1,1,1,409,332,321,260,294,276,391
1,2,2,2,1,1,1,1,430,362,403,334,329,242,439
1,2,2,2,1,1,1,1,430,368,403,350,329,267,450
1,2,2,2,1,1,1,1,430,383,403,342,329,376,418
1,2,2,2,1,1,1,1,430,339,403,265,329,247,381
1,2,2,2,1,1,1,1,430,360,403,403,329,342,413
1,2,2,2,1,1,1,1,430,339,403,265,329,247,380
1,2,2,2,1,1,1,1,430,338,403,303,329,315,480
1,2,2,2,1,1,1,1,430,368,403,350,329,267,436
1,2,2,2,1,1,1,1,430,338,403,303,329,315,446
1,2,2,2,1,1,1,1,430,388,403,333,329,343,429
1,2,2,2,1,1,1,1,430,383,403,342,329,376,450
1,2,2,2,1,1,1,1,430,332,403,281,329,312,410
1,2,2,2,1,1,1,1,430,379,403,407,329,269,430
1,2,2,2,1,1,1,1,430,360,403,403,329,342,382
1,2,2,2,1,1,1,1,430,379,403,407,329,269,356
1,2,2,2,1,1,1,1,430,379,403,407,329,269,448
1,2,2,2,1,1,1,1,430,383,403,342,329,376,449
1,2,2,2,1,1,1,1,430,338,403,303,329,315,353
1,2,2,2,1,1,1,1,430,360,403,403,329,342,433
1,2,2,2,1,1,1,1,430,379,403,407,329,269,371
2,2,2,2,1,1,1,1,430,338,403,303,329,315,383
2,2,2,2,1,1,1,1,430,336,403,260,329,237,401
2,2,2,2,1,1,1,1,430,338,403,303,329,315,391
2,2,2,2,1,1,1,1,430,388,403,333,329,343,463
2,2,2,2,1,1,1,1,430,388,403,333,329,343,368
2,2,2,2,1,1,1,1,430,338,403,303,329,315,458
2,2,2,2,1,1,1,1,430,360,403,403,329,342,375
2,2,2,2,1,1,1,1,430,360,403,403,329,342,430
2,2,2,2,1,1,1,1,430,339,403,265,329,247,440
2,2,2,2,1,1,1,1,430,338,403,303,329,315,414
2,2,2,2,1,1,1,1,430,338,403,303,329,315,404
2,2,2,2,1,1,1,1,430,360,403,403,329,342,480
2,2,2,2,1,1,1,1,430,338,403,303,329,315,408
2,2,2,2,1,1,1,1,430,362,403,334,329,242,363
2,2,2,2,1,1,1,1,430,360,403,403,329,342,380
2,2,2,2,1,1,1,1,430,360,403,403,329,342,390
2,2,2,2,1,1,1,1,430,383,403,342,329,376,417
2,2,2,2,1,1,1,1,430,368,403,350,329,267,384
1,2,2,2,1,1,1,1,430,338,403,303,329,315,383
2,2,2,2,1,1,1,1,430,368,403,350,329,267,451
2,2,2,2,1,1,1,1,430,360,403,403,329,342,456
2,2,2,2,1,1,1,1,430,388,403,333,329,343,411
2,2,2,2,1,1,1,1,433,299,368,403,256,220,361
2,2,2,2,1,1,1,1,430,379,403,407,329,269,387
2,2,2,2,1,1,1,1,430,348,403,268,329,261,374
2,2,2,2,1,1,1,1,430,332,403,281,329,312,388
2,2,2,2,1,1,1,1,430,332,403,281,329,312,363
1,2,2,2,1,1,1,1,438,335,403,342,248,376,398
1,2,2,2,1,1,1,1,438,358,403,403,248,220,387
1,2,2,2,1,1,1,1,438,358,403,403,248,220,377
1,2,2,2,1,1,1,1,438,335,403,342,248,376,398
1,2,2,2,1,1,1,1,438,314,403,260,248,282,475
1,2,2,2,1,1,1,1,438,358,403,403,248,220,422
1,2,2,2,1,1,1,1,438,287,403,407,248,246,426
1,2,2,2,1,1,1,1,438,314,403,260,248,282,406
1,2,2,2,1,1,1,1,438,335,403,342,248,376,432
1,2,2,2,1,1,1,1,438,335,403,342,248,376,415
1,2,2,2,1,1,1,1,438,315,403,325,248,222,453
1,2,2,2,1,1,1,1,438,335,403,342,248,376,432
1,2,2,2,1,1,1,1,438,354,403,307,248,280,472
1,2,2,2,1,1,1,1,438,335,403,342,248,376,390
1,2,2,2,1,1,1,1,438,335,403,342,248,376,364
2,2,2,2,1,1,1,1,438,358,403,403,248,220,407
2,2,2,2,1,1,1,1,438,354,403,307,248,280,465
2,2,2,2,1,1,1,1,438,354,403,307,248,280,403
2,2,2,2,1,1,1,1,438,315,403,325,248,222,450
2,2,2,2,1,1,1,1,438,354,403,307,248,280,409
2,2,2,2,1,1,1,1,438,314,403,260,248,282,393
2,2,2,2,1,1,1,1,438,315,403,325,248,222,363
2,2,2,2,1,1,1,1,438,335,403,342,248,376,433
2,2,2,2,1,1,1,1,438,358,403,403,248,220,358
2,2,2,2,1,1,1,1,438,314,403,260,248,282,370
2,2,2,2,1,1,1,1,438,276,403,303,248,282,449
2,2,2,2,1,1,1,1,438,335,403,342,248,376,399
2,2,2,2,1,1,1,1,438,354,403,307,248,280,452
1,2,2,2,1,1,1,1,414,437,368,268,284,360,388
1,2,2,2,1,1,1,1,414,331,368,407,284,266,426
1,2,2,2,1,1,1,1,414,324,368,307,284,271,397
1,2,2,2,1,1,1,1,414,331,368,407,284,266,409
2,2,2,2,1,1,1,1,414,311,368,334,284,238,380
2,2,2,2,1,1,1,1,414,337,368,303,284,271,409
2,2,2,2,1,1,1,1,414,324,368,307,284,271,445
2,2,2,2,1,1,1,1,414,311,368,334,284,238,416
2,2,2,2,1,1,1,1,414,331,368,407,284,266,377
2,2,2,2,1,1,1,1,414,324,368,307,284,271,413
2,2,2,2,1,1,1,1,414,331,368,407,284,266,398
2,2,2,2,1,1,1,1,414,311,368,334,284,238,422
2,2,2,2,1,1,1,1,414,272,368,325,284,222,353
2,2,2,2,1,1,1,1,414,389,368,350,284,335,387
2,2,2,2,1,1,1,1,414,437,368,268,284,360,396
2,2,2,2,1,1,1,1,414,389,368,350,284,335,400
1,2,2,2,1,1,1,1,409,333,403,342,329,376,404
1,2,2,2,1,1,1,1,409,333,403,342,329,376,449
1,2,2,2,1,1,1,1,409,324,403,403,329,327,365
1,2,2,2,1,1,1,1,409,340,403,407,329,296,432
2,2,2,2,1,1,1,1,409,333,403,342,329,376,403
2,2,2,2,1,1,1,1,409,324,403,403,329,327,359
2,2,2,2,1,1,1,1,409,351,403,268,329,334,392
2,2,2,2,1,1,1,1,409,351,403,333,329,319,408
2,2,2,2,1,1,1,1,409,324,403,403,329,327,430
2,2,2,2,1,1,1,1,409,351,403,268,329,334,345
2,2,2,2,1,1,1,1,409,324,403,403,329,327,458
2,2,2,2,1,1,1,1,409,351,403,268,329,334,373
1,2,2,2,1,1,1,1,364,320,281,342,295,273,352
1,2,2,2,1,1,1,1,364,326,281,297,295,222,420
1,2,2,2,1,1,1,1,364,326,281,297,295,222,376
1,2,2,2,1,1,1,1,364,391,281,303,295,322,363
1,2,2,2,1,1,1,1,364,282,281,333,295,319,384
1,2,2,2,1,1,1,1,364,282,281,333,295,319,390
1,2,2,2,1,1,1,1,364,391,281,303,295,322,378
1,2,2,2,1,1,1,1,364,391,281,303,295,322,452
1,2,2,2,1,1,1,1,364,296,281,375,295,235,442
1,2,2,2,1,1,1,1,364,321,281,403,295,280,360
2,2,2,2,1,1,1,1,364,391,281,303,295,322,410
2,2,2,2,1,1,1,1,364,354,281,260,295,282,360
2,2,2,2,1,1,1,1,364,296,281,375,295,235,352
2,2,2,2,1,1,1,1,364,326,281,297,295,222,415
2,2,2,2,1,1,1,1,364,321,281,403,295,280,399
2,2,2,2,1,1,1,1,364,282,281,333,295,319,346
2,2,2,2,1,1,1,1,364,326,281,297,295,222,414
2,2,2,2,1,1,1,1,364,326,281,297,295,222,452
2,2,2,2,1,1,1,1,364,296,281,375,295,235,343
2,2,2,2,1,1,1,1,364,358,281,325,295,227,373
2,2,2,2,1,1,1,1,364,391,281,303,295,322,403
2,2,2,2,1,1,1,1,364,282,281,333,295,319,395
2,2,2,2,1,1,1,1,364,391,281,303,295,322,421
2,2,2,2,1,1,1,1,364,391,281,303,295,322,447
2,2,2,2,1,1,1,1,364,391,281,303,295,322,400
2,2,2,2,1,1,1,1,364,326,281,297,295,222,347
2,2,2,2,1,1,1,1,364,296,281,375,295,235,385
2,2,2,2,1,1,1,1,364,391,281,303,295,322,388
2,2,2,2,1,1,1,1,364,391,281,303,295,322,351
2,2,2,2,1,1,1,1,364,282,281,333,295,319,391
2,2,2,2,1,1,1,1,364,354,281,260,295,282,370
2,2,2,2,1,1,1,1,364,391,281,303,295,322,418
1,2,2,2,1,1,1,1,375,378,281,265,295,271,435
1,2,2,2,1,1,1,1,375,330,281,407,295,237,392
1,2,2,2,1,1,1,1,375,312,281,287,295,248,383
1,2,2,2,1,1,1,1,375,337,281,303,295,271,422
2,2,2,2,1,1,1,1,375,312,281,287,295,248,401
1,2,2,2,1,1,1,1,375,356,281,403,295,282,356
1,2,2,2,1,1,1,1,375,395,281,342,295,376,437
1,2,2,2,1,1,1,1,375,385,281,375,295,300,372
1,2,2,2,1,1,1,1,375,385,281,375,295,300,404
2,2,2,2,1,1,1,1,375,330,281,407,295,237,421
1,2,2,2,1,1,1,1,375,395,281,342,295,376,416
1,2,2,2,1,1,1,1,375,395,281,342,295,376,471
2,2,2,2,1,1,1,1,375,330,281,407,295,237,427
2,2,2,2,1,1,1,1,375,378,281,265,295,271,411
2,2,2,2,1,1,1,1,375,312,281,287,295,248,415
2,2,2,2,1,1,1,1,375,378,281,265,295,271,450
2,2,2,2,1,1,1,1,375,395,281,342,295,376,372
2,2,2,2,1,1,1,1,375,385,281,375,295,300,371
2,2,2,2,1,1,1,1,375,385,281,375,295,300,412
2,2,2,2,1,1,1,1,375,330,281,407,295,237,425
2,2,2,2,1,1,1,1,375,385,281,375,295,300,368
2,2,2,2,1,1,1,1,375,312,281,287,295,248,395
2,2,2,2,1,1,1,1,375,294,281,333,295,285,363
2,2,2,2,1,1,1,1,375,330,281,407,295,237,385
2,2,2,2,1,1,1,1,375,385,281,375,295,300,348
2,2,2,2,1,1,1,1,375,395,281,342,295,376,422
2,2,2,2,1,1,1,1,375,385,281,375,295,300,371
2,2,2,2,1,1,1,1,375,337,281,303,295,271,403
2,2,2,2,1,1,1,1,375,337,281,303,295,271,366
2,2,2,2,1,1,1,1,375,337,281,303,295,271,391
2,2,2,2,1,1,1,1,375,330,281,407,295,237,382
2,2,2,2,1,1,1,1,375,337,281,303,295,271,354
2,2,2,2,1,1,1,1,375,385,281,375,295,300,437
2,2,2,2,1,1,1,1,375,330,281,407,295,237,351
2,2,2,2,1,1,1,1,375,356,281,403,295,282,363
2,2,2,2,1,1,1,1,375,330,281,407,295,237,432
2,2,2,2,1,1,1,1,375,356,281,403,295,282,365
2,2,2,2,1,1,1,1,375,395,281,342,295,376,407
2,2,2,2,1,1,1,1,375,385,281,375,295,300,459
1,2,2,2,1,1,1,1,393,329,281,407,295,246,421
1,2,2,2,1,1,1,1,393,336,281,265,295,221,415
1,2,2,2,1,1,1,1,393,351,281,303,295,315,436
1,2,2,2,1,1,1,1,393,380,281,287,295,285,417
1,2,2,2,1,1,1,1,393,310,281,375,295,280,398
1,2,2,2,1,1,1,1,393,351,281,260,295,258,354
2,2,2,2,1,1,1,1,393,354,281,342,295,376,358
2,2,2,2,1,1,1,1,393,310,281,375,295,280,382
2,2,2,2,1,1,1,1,393,329,281,407,295,246,364
2,2,2,2,1,1,1,1,393,329,281,407,295,246,446
2,2,2,2,1,1,1,1,393,351,281,260,295,258,369
2,2,2,2,1,1,1,1,393,329,281,407,295,246,374
1,2,2,2,1,1,1,1,397,430,281,303,280,271,361
1,2,2,2,1,1,1,1,397,342,281,287,280,258,424
1,2,2,2,1,1,1,1,397,342,281,287,280,258,395
1,2,2,2,1,1,1,1,397,300,281,375,280,272,396
1,2,2,2,1,1,1,1,397,406,281,342,280,376,413
2,2,2,2,1,1,1,1,397,286,281,403,280,259,358
1,2,2,2,1,1,1,1,397,406,281,342,280,376,431
1,2,2,2,1,1,1,1,397,318,281,297,280,222,362
2,2,2,2,1,1,1,1,397,318,281,297,280,222,357
1,2,2,2,1,1,1,1,397,342,281,287,280,258,388
2,2,2,2,1,1,1,1,397,337,281,339,280,307,397
1,2,2,2,1,1,1,1,397,337,281,339,280,307,348
1,2,2,2,1,1,1,1,397,318,281,297,280,222,438
2,2,2,2,1,1,1,1,397,350,281,302,280,325,433
2,2,2,2,1,1,1,1,397,342,281,287,280,258,429
2,2,2,2,1,1,1,1,397,406,281,342,280,376,397
2,2,2,2,1,1,1,1,397,342,281,287,280,258,424
2,2,2,2,1,1,1,1,397,331,281,407,280,226,394
2,2,2,2,1,1,1,1,397,350,281,302,280,325,405
2,2,2,2,1,1,1,1,397,345,281,333,280,305,398
2,2,2,2,1,1,1,1,397,289,281,260,280,282,389
2,2,2,2,1,1,1,1,397,342,281,287,280,258,354
1,2,2,2,1,1,1,1,397,406,281,342,280,376,354
2,2,2,2,1,1,1,1,397,350,281,302,280,325,378
2,2,2,2,1,1,1,1,397,331,281,407,280,226,374
2,2,2,2,1,1,1,1,397,350,281,302,280,325,388
2,2,2,2,1,1,1,1,397,331,281,407,280,226,432
2,2,2,2,1,1,1,1,397,289,281,260,280,282,399
2,2,2,2,1,1,1,1,397,286,281,403,280,259,347
1,2,2,2,1,1,1,1,397,307,281,325,280,315,439
2,2,2,2,1,1,1,1,397,289,281,260,280,282,372
2,2,2,2,1,1,1,1,397,289,281,260,280,282,402
2,2,2,2,1,1,1,1,397,345,281,333,280,305,363
2,2,2,2,1,1,1,1,397,345,281,333,280,305,459
2,2,2,2,1,1,1,1,397,289,281,260,280,282,383
2,2,2,2,1,1,1,1,397,286,281,403,280,259,387
2,2,2,2,1,1,1,1,397,430,281,303,280,271,408
2,2,2,2,1,1,1,1,397,430,281,303,280,271,428
2,2,2,2,1,1,1,1,397,289,281,260,280,282,406
1,2,2,2,1,1,1,1,397,406,281,342,280,376,473
2,2,2,2,1,1,1,1,397,406,281,342,280,376,473
2,2,2,2,1,1,1,1,397,345,281,333,280,305,421
2,2,2,2,1,1,1,1,397,318,281,297,280,222,345
2,2,2,2,1,1,1,1,397,406,281,342,280,376,424
1,2,2,2,1,1,1,1,394,350,334,403,238,342,424
1,2,2,2,1,1,1,1,394,271,334,260,238,276,409
1,2,2,2,1,1,1,1,394,350,334,403,238,342,361
1,2,2,2,1,1,1,1,394,321,334,333,238,317,437
1,2,2,2,1,1,1,1,394,350,334,403,238,342,465
2,2,2,2,1,1,1,1,394,350,334,403,238,342,348
2,2,2,2,1,1,1,1,394,284,334,287,238,285,356
1,2,2,2,1,1,1,1,394,327,334,281,238,261,388
2,2,2,2,1,1,1,1,394,344,334,407,238,348,378
2,2,2,2,1,1,1,1,394,350,334,403,238,342,415
2,2,2,2,1,1,1,1,394,284,334,287,238,285,386
2,2,2,2,1,1,1,1,394,350,334,403,238,342,406
2,2,2,2,1,1,1,1,394,350,334,403,238,342,404
2,2,2,2,1,1,1,1,394,292,334,325,238,278,372
2,2,2,2,1,1,1,1,394,358,334,342,238,346,387
2,2,2,2,1,1,1,1,394,284,334,287,238,285,381
2,2,2,2,1,1,1,1,394,373,334,339,238,270,383
1,2,2,2,1,1,1,1,369,325,334,403,309,252,379
1,2,2,2,1,1,1,1,369,343,334,339,309,219,460
1,2,2,2,1,1,1,1,369,381,334,407,309,226,370
1,2,2,2,1,1,1,1,369,350,334,325,309,249,404
1,2,2,2,1,1,1,1,369,364,334,342,309,276,442
1,2,2,2,1,1,1,1,369,392,334,375,309,235,488
1,2,2,2,1,1,1,1,369,329,334,287,309,224,456
1,2,2,2,1,1,1,1,369,326,334,317,309,216,468
2,2,2,2,1,1,1,1,369,350,334,325,309,249,360
2,2,2,2,1,1,1,1,369,325,334,403,309,252,394
2,2,2,2,1,1,1,1,369,334,334,297,309,294,453
2,2,2,2,1,1,1,1,369,392,334,375,309,235,418
2,2,2,2,1,1,1,1,369,334,334,297,309,294,345
2,2,2,2,1,1,1,1,369,350,334,325,309,249,435
2,2,2,2,1,1,1,1,369,334,334,297,309,294,404
2,2,2,2,1,1,1,1,369,392,334,375,309,235,392
2,2,2,2,1,1,1,1,369,325,334,403,309,252,387
2,2,2,2,1,1,1,1,369,348,334,333,309,228,405
2,2,2,2,1,1,1,1,369,325,334,403,309,252,392
2,2,2,2,1,1,1,1,369,358,334,281,309,266,370
2,2,2,2,1,1,1,1,369,358,334,281,309,266,359
2,2,2,2,1,1,1,1,369,389,334,325,309,265,413
2,2,2,2,1,1,1,1,369,325,334,403,309,252,371
2,2,2,2,1,1,1,1,369,358,334,281,309,266,394
2,2,2,2,1,1,1,1,369,329,334,287,309,224,406
2,2,2,2,1,1,1,1,369,348,334,333,309,228,389
2,2,2,2,1,1,1,1,369,358,334,281,309,266,403
2,2,2,2,1,1,1,1,369,326,334,317,309,216,376
2,2,2,2,1,1,1,1,436,304,334,339,291,335,345
1,2,2,2,1,1,1,1,436,372,334,403,291,220,482
1,2,2,2,1,1,1,1,436,306,334,281,291,261,451
1,2,2,2,1,1,1,1,436,407,334,302,291,298,486
2,2,2,2,1,1,1,1,436,350,334,407,291,271,423
1,2,2,2,1,1,1,1,436,306,334,281,291,261,355
1,2,2,2,1,1,1,1,436,372,334,403,291,220,445
1,2,2,2,1,1,1,1,436,304,334,339,291,335,406
1,2,2,2,1,1,1,1,436,336,334,325,291,351,403
2,2,2,2,1,1,1,1,436,372,334,403,291,220,465
1,2,2,2,1,1,1,1,436,372,334,403,291,220,420
1,2,2,2,1,1,1,1,436,372,334,403,291,220,393
1,2,2,2,1,1,1,1,436,407,334,302,291,298,436
2,2,2,2,1,1,1,1,436,306,334,281,291,261,392
2,2,2,2,1,1,1,1,436,295,334,287,291,248,344
2,2,2,2,1,1,1,1,436,279,334,317,291,337,397
2,2,2,2,1,1,1,1,436,295,334,287,291,248,365
2,2,2,2,1,1,1,1,436,299,334,297,291,333,413
2,2,2,2,1,1,1,1,436,304,334,339,291,335,345
2,2,2,2,1,1,1,1,436,407,334,302,291,298,482
2,2,2,2,1,1,1,1,436,295,334,287,291,248,418
2,2,2,2,1,1,1,1,436,295,334,287,291,248,374
2,2,2,2,1,1,1,1,436,306,334,281,291,261,396
2,2,2,2,1,1,1,1,436,372,334,403,291,220,436
1,2,2,2,1,1,1,1,436,336,334,325,291,351,468
2,2,2,2,1,1,1,1,436,350,334,407,291,271,388
2,2,2,2,1,1,1,1,436,350,334,407,291,271,364
2,2,2,2,1,1,1,1,436,306,334,281,291,261,372
2,2,2,2,1,1,1,1,436,295,334,287,291,248,408
2,2,2,2,1,1,1,1,436,362,334,375,291,253,372
2,2,2,2,1,1,1,1,436,336,334,325,291,351,428
2,2,2,2,1,1,1,1,436,372,334,403,291,220,489
2,2,2,2,1,1,1,1,436,372,334,403,291,220,435
2,2,2,2,1,1,1,1,436,306,334,281,291,261,413
2,2,2,2,1,1,1,1,436,350,334,407,291,271,411
2,2,2,2,1,1,1,1,436,372,334,403,291,220,387
2,2,2,2,1,1,1,1,436,306,334,281,291,261,380
2,2,2,2,1,1,1,1,436,372,334,403,291,220,420
2,2,2,2,1,1,1,1,436,327,334,325,291,289,359
2,2,2,2,1,1,1,1,436,304,334,339,291,335,423
2,2,2,2,1,1,1,1,436,407,334,302,291,298,421
2,2,2,2,1,1,1,1,436,279,334,317,291,337,387
2,2,2,2,1,1,1,1,436,350,334,407,291,271,422
2,2,2,2,1,1,1,1,436,320,334,298,291,249,394
2,2,2,2,1,1,1,1,436,350,334,407,291,271,401
2,2,2,2,1,1,1,1,436,407,334,302,291,298,365
2,2,2,2,1,1,1,1,436,362,334,375,291,253,359
2,2,2,2,1,1,1,1,436,336,334,325,291,351,399
1,2,2,2,1,1,1,1,381,306,334,281,291,243,349
1,2,2,2,1,1,1,1,381,322,334,403,291,248,421
1,2,2,2,1,1,1,1,381,361,334,321,291,280,418
1,2,2,2,1,1,1,1,381,352,334,302,291,307,457
1,2,2,2,1,1,1,1,381,357,334,317,291,304,461
1,2,2,2,1,1,1,1,381,318,334,287,291,318,447
1,2,2,2,1,1,1,1,381,322,334,403,291,248,390
1,2,2,2,1,1,1,1,381,352,334,302,291,307,423
1,2,2,2,1,1,1,1,381,352,334,302,291,307,448
1,2,2,2,1,1,1,1,381,352,334,302,291,307,393
1,2,2,2,1,1,1,1,381,361,334,321,291,280,398
1,2,2,2,1,1,1,1,381,307,334,298,291,364,399
1,2,2,2,1,1,1,1,381,352,334,302,291,307,357
1,2,2,2,1,1,1,1,381,348,334,325,291,246,460
1,2,2,2,1,1,1,1,381,348,334,325,291,246,408
1,2,2,2,1,1,1,1,381,365,334,375,291,281,370
1,2,2,2,1,1,1,1,381,322,334,403,291,248,483
1,2,2,2,1,1,1,1,381,289,334,297,291,333,365
1,2,2,2,1,1,1,1,381,322,334,403,291,248,374
2,2,2,2,1,1,1,1,381,361,334,321,291,280,387
2,2,2,2,1,1,1,1,381,289,334,297,291,333,398
2,2,2,2,1,1,1,1,381,348,334,325,291,246,439
2,2,2,2,1,1,1,1,381,322,334,403,291,248,395
2,2,2,2,1,1,1,1,381,361,334,321,291,280,364
2,2,2,2,1,1,1,1,381,322,334,403,291,248,417
2,2,2,2,1,1,1,1,381,307,334,298,291,364,398
2,2,2,2,1,1,1,1,381,322,334,403,291,248,357
2,2,2,2,1,1,1,1,381,322,334,403,291,248,419
2,2,2,2,1,1,1,1,381,307,334,298,291,364,367
2,2,2,2,1,1,1,1,381,318,334,287,291,318,422
2,2,2,2,1,1,1,1,381,348,334,325,291,246,373
2,2,2,2,1,1,1,1,381,322,334,403,291,248,378
2,2,2,2,1,1,1,1,381,318,334,287,291,318,444
2,2,2,2,1,1,1,1,381,322,334,403,291,248,377
2,2,2,2,1,1,1,1,381,307,334,298,291,364,394
2,2,2,2,1,1,1,1,381,322,334,403,291,248,408
2,2,2,2,1,1,1,1,381,361,334,321,291,280,369
2,2,2,2,1,1,1,1,381,322,334,403,291,248,378
2,2,2,2,1,1,1,1,381,318,334,287,291,318,390
2,2,2,2,1,1,1,1,381,352,334,302,291,307,401
2,2,2,2,1,1,1,1,381,361,334,321,291,280,423
2,2,2,2,1,1,1,1,381,322,334,403,291,248,355
2,2,2,2,1,1,1,1,430,326,281,281,293,280,345
1,2,2,2,1,1,1,1,430,340,281,325,293,265,497
1,2,2,2,1,1,1,1,430,289,281,287,293,318,422
1,2,2,2,1,1,1,1,430,322,281,325,293,227,350
1,2,2,2,1,1,1,1,430,362,281,297,293,344,398
1,2,2,2,1,1,1,1,430,370,281,403,293,318,437
2,2,2,2,1,1,1,1,430,326,281,281,293,280,417
2,2,2,2,1,1,1,1,430,322,281,325,293,227,348
1,2,2,2,1,1,1,1,430,340,281,325,293,265,474
1,2,2,2,1,1,1,1,430,326,281,281,293,280,460
1,2,2,2,1,1,1,1,430,370,281,403,293,318,397
1,2,2,2,1,1,1,1,430,370,281,403,293,318,416
2,2,2,2,1,1,1,1,430,322,281,325,293,227,412
2,2,2,2,1,1,1,1,430,316,281,317,293,315,433
2,2,2,2,1,1,1,1,430,362,281,297,293,344,425
2,2,2,2,1,1,1,1,430,322,281,325,293,227,379
2,2,2,2,1,1,1,1,430,277,281,375,293,235,407
2,2,2,2,1,1,1,1,430,289,281,287,293,318,400
2,2,2,2,1,1,1,1,430,322,281,325,293,227,502
1,2,2,2,1,1,1,1,430,322,281,325,293,227,454
2,2,2,2,1,1,1,1,430,370,281,403,293,318,379
2,2,2,2,1,1,1,1,430,370,281,403,293,318,406
2,2,2,2,1,1,1,1,430,326,281,281,293,280,434
2,2,2,2,1,1,1,1,430,340,281,321,293,340,400
2,2,2,2,1,1,1,1,430,316,281,317,293,315,419
2,2,2,2,1,1,1,1,430,362,281,297,293,344,406
2,2,2,2,1,1,1,1,430,370,281,403,293,318,355
2,2,2,2,1,1,1,1,430,289,281,287,293,318,392
2,2,2,2,1,1,1,1,430,340,281,321,293,340,420
2,2,2,2,1,1,1,1,430,370,281,403,293,318,410
2,2,2,2,1,1,1,1,430,370,281,403,293,318,396
2,2,2,2,1,1,1,1,430,326,281,281,293,280,384
2,2,2,2,1,1,1,1,430,289,281,287,293,318,366
2,2,2,2,1,1,1,1,430,316,281,317,293,315,486
2,2,2,2,1,1,1,1,430,370,281,403,293,318,441
2,2,2,2,1,1,1,1,430,277,281,375,293,235,402
2,2,2,2,1,1,1,1,430,277,281,375,293,235,405
2,2,2,2,1,1,1,1,430,322,281,325,293,227,355
2,2,2,2,1,1,1,1,430,362,281,297,293,344,347
2,2,2,2,1,1,1,1,430,370,281,403,293,318,375
1,2,2,2,1,1,1,1,410,298,268,321,261,294,399
1,2,2,2,1,1,1,1,410,360,268,287,261,318,404
1,2,2,2,1,1,1,1,410,335,268,375,261,253,375
1,2,2,2,1,1,1,1,410,335,268,375,261,253,538
1,2,2,2,1,1,1,1,410,335,268,375,261,253,430
1,2,2,2,1,1,1,1,410,383,268,302,261,307,354
1,2,2,2,1,1,1,1,410,298,268,321,261,294,356
1,2,2,2,1,1,1,1,410,360,268,287,261,318,383
1,2,2,2,1,1,1,1,410,335,268,375,261,253,414
1,2,2,2,1,1,1,1,410,391,268,368,261,343,446
2,2,2,2,1,1,1,1,410,335,268,375,261,253,447
2,2,2,2,1,1,1,1,410,323,268,403,261,220,388
2,2,2,2,1,1,1,1,410,298,268,321,261,294,375
2,2,2,2,1,1,1,1,410,298,268,321,261,294,376
2,2,2,2,1,1,1,1,410,383,268,302,261,307,350
2,2,2,2,1,1,1,1,410,335,268,375,261,253,383
2,2,2,2,1,1,1,1,410,360,268,287,261,318,410
2,2,2,2,1,1,1,1,410,335,268,375,261,253,392
2,2,2,2,1,1,1,1,410,383,268,302,261,307,364
2,2,2,2,1,1,1,1,410,383,268,302,261,307,352
2,2,2,2,1,1,1,1,410,300,268,321,261,289,370
2,2,2,2,1,1,1,1,410,300,268,321,261,289,377
2,2,2,2,1,1,1,1,410,335,268,375,261,253,423
2,2,2,2,1,1,1,1,410,335,268,375,261,253,347
2,2,2,2,1,1,1,1,410,335,268,375,261,253,431
2,2,2,2,1,1,1,1,410,383,268,302,261,307,377
1,2,2,2,1,1,1,1,460,378,355,311,345,324,463
1,2,2,2,1,1,1,1,460,378,355,311,345,324,425
1,2,2,2,1,1,1,1,460,352,355,287,345,240,383
1,2,2,2,1,1,1,1,460,378,355,311,345,324,375
1,2,2,2,1,1,1,1,460,352,355,287,345,240,431
1,2,2,2,1,1,1,1,460,391,355,302,345,270,430
1,2,2,2,1,1,1,1,460,352,355,287,345,240,390
1,2,2,2,1,1,1,1,460,378,355,311,345,324,529
1,2,2,2,1,1,1,1,460,391,355,302,345,270,446
1,2,2,2,1,1,1,1,460,391,355,403,345,327,456
2,2,2,2,1,1,1,1,460,362,355,335,345,236,383
2,2,2,2,1,1,1,1,460,405,355,368,345,313,428
2,2,2,2,1,1,1,1,460,352,355,287,345,240,378
2,2,2,2,1,1,1,1,460,362,355,335,345,236,394
2,2,2,2,1,1,1,1,460,352,355,287,345,240,377
2,2,2,2,1,1,1,1,460,305,355,317,345,216,372
2,2,2,2,1,1,1,1,460,405,355,368,345,313,401
2,2,2,2,1,1,1,1,460,293,355,321,345,305,386
2,2,2,2,1,1,1,1,460,293,355,321,345,305,419
2,2,2,2,1,1,1,1,460,369,355,375,345,280,351
2,2,2,2,1,1,1,1,460,352,355,287,345,240,360
2,2,2,2,1,1,1,1,460,369,355,375,345,280,401
2,2,2,2,1,1,1,1,460,305,355,317,345,216,347
2,2,2,2,1,1,1,1,460,293,355,321,345,305,387
2,2,2,2,1,1,1,1,460,391,355,403,345,327,346
2,2,2,2,1,1,1,1,460,378,355,311,345,324,410
2,2,2,2,1,1,1,1,460,391,355,302,345,270,390
1,2,2,2,1,1,1,1,403,297,375,355,253,290,469
1,2,2,2,1,1,1,1,403,391,375,311,253,342,468
1,2,2,2,1,1,1,1,403,337,375,302,253,275,390
1,2,2,2,1,1,1,1,403,391,375,311,253,342,394
1,2,2,2,1,1,1,1,403,297,375,355,253,290,436
1,2,2,2,1,1,1,1,403,391,375,311,253,342,438
1,2,2,2,1,1,1,1,403,297,375,355,253,290,433
1,2,2,2,1,1,1,1,403,337,375,321,253,340,366
1,2,2,2,1,1,1,1,403,391,375,311,253,342,437
1,2,2,2,1,1,1,1,403,395,375,297,253,294,354
2,2,2,2,1,1,1,1,403,367,375,335,253,259,366
2,2,2,2,1,1,1,1,403,391,375,311,253,342,405
2,2,2,2,1,1,1,1,403,395,375,297,253,294,397
2,2,2,2,1,1,1,1,403,391,375,311,253,342,380
2,2,2,2,1,1,1,1,403,337,375,321,253,340,389
2,2,2,2,1,1,1,1,403,337,375,321,253,340,371
2,2,2,2,1,1,1,1,403,391,375,311,253,342,399
2,2,2,2,1,1,1,1,403,391,375,311,253,342,378
2,2,2,2,1,1,1,1,403,378,375,403,253,318,364
2,2,2,2,1,1,1,1,403,378,375,403,253,318,385
2,2,2,2,1,1,1,1,403,374,375,321,253,281,411
2,2,2,2,1,1,1,1,403,378,375,403,253,318,420
2,2,2,2,1,1,1,1,403,391,375,311,253,342,428
2,2,2,2,1,1,1,1,403,328,375,287,253,248,400
2,2,2,2,1,1,1,1,403,367,375,335,253,259,403
2,2,2,2,1,1,1,1,403,337,375,302,253,275,389
2,2,2,2,1,1,1,1,403,374,375,321,253,281,359
2,2,2,2,1,1,1,1,403,391,375,311,253,342,389
2,2,2,2,1,1,1,1,403,337,375,302,253,275,417
2,2,2,2,1,1,1,1,403,395,375,297,253,294,428
2,2,2,2,1,1,1,1,403,337,375,321,253,340,407
1,2,2,2,1,1,1,1,414,294,375,321,253,294,356
1,2,2,2,1,1,1,1,414,336,375,368,253,323,382
1,2,2,2,1,1,1,1,414,349,375,321,253,289,391
1,2,2,2,1,1,1,1,414,349,375,321,253,289,389
1,2,2,2,1,1,1,1,414,306,375,403,253,342,461
2,2,2,2,1,1,1,1,414,337,375,281,253,293,403
2,2,2,2,1,1,1,1,414,336,375,368,253,323,406
2,2,2,2,1,1,1,1,414,337,375,281,253,293,408
2,2,2,2,1,1,1,1,414,349,375,321,253,289,439
2,2,2,2,1,1,1,1,414,337,375,281,253,293,361
2,2,2,2,1,1,1,1,414,294,375,321,253,294,374
2,2,2,2,1,1,1,1,414,336,375,368,253,323,375
2,2,2,2,1,1,1,1,414,337,375,281,253,293,349
2,2,2,2,1,1,1,1,414,294,375,321,253,294,429
2,2,2,2,1,1,1,1,414,306,375,403,253,342,413
2,2,2,2,1,1,1,1,414,306,375,403,253,342,389
2,2,2,2,1,1,1,1,414,337,375,281,253,293,395
2,2,2,2,1,1,1,1,414,376,375,345,253,262,344
2,2,2,2,1,1,1,1,414,294,375,321,253,294,370
2,2,2,2,1,1,1,1,414,306,375,403,253,342,410
2,2,2,2,1,1,1,1,414,349,375,321,253,289,433
2,2,2,2,1,1,1,1,414,306,375,403,253,342,405
2,2,2,2,1,1,1,1,414,349,375,321,253,289,406
2,2,2,2,1,1,1,1,414,294,375,321,253,294,351
2,2,2,2,1,1,1,1,414,376,375,345,253,262,357
2,2,2,2,1,1,1,1,414,377,375,302,253,269,490
1,2,2,2,1,1,1,1,376,326,350,355,283,290,414
1,2,2,2,1,1,1,1,376,342,350,345,283,244,456
1,2,2,2,1,1,1,1,376,342,350,345,283,244,379
1,2,2,2,1,1,1,1,376,382,350,302,283,275,386
1,2,2,2,1,1,1,1,376,382,350,302,283,275,530
1,2,2,2,1,1,1,1,376,322,350,311,283,288,427
2,2,2,2,1,1,1,1,376,342,350,345,283,244,378
2,2,2,2,1,1,1,1,376,342,350,345,283,244,460
2,2,2,2,1,1,1,1,376,288,350,335,283,295,353
2,2,2,2,1,1,1,1,376,322,350,311,283,288,359
2,2,2,2,1,1,1,1,376,342,350,345,283,244,381
2,2,2,2,1,1,1,1,376,382,350,302,283,275,462
2,2,2,2,1,1,1,1,376,322,350,311,283,288,388
2,2,2,2,1,1,1,1,376,354,350,281,283,266,360
2,2,2,2,1,1,1,1,376,382,350,302,283,275,451
2,2,2,2,1,1,1,1,376,326,350,355,283,290,431
2,2,2,2,1,1,1,1,376,309,350,321,283,305,388
2,2,2,2,1,1,1,1,376,326,350,355,283,290,367
2,2,2,2,1,1,1,1,376,326,350,355,283,290,372
2,2,2,2,1,1,1,1,376,322,350,311,283,288,503
2,2,2,2,1,1,1,1,376,322,350,311,283,288,365
2,2,2,2,1,1,1,1,376,326,350,355,283,290,365
2,2,2,2,1,1,1,1,376,309,350,321,283,305,368
2,2,2,2,1,1,1,1,376,382,350,302,283,275,355
2,2,2,2,1,1,1,1,376,343,350,368,283,313,390
2,2,2,2,1,1,1,1,376,343,350,368,283,313,412
2,2,2,2,1,1,1,1,376,382,350,302,283,275,474
1,2,2,2,1,1,1,1,362,368,350,383,274,243,390
1,2,2,2,1,1,1,1,362,322,350,321,274,304,376
1,2,2,2,1,1,1,1,362,332,350,321,274,280,402
1,2,2,2,1,1,1,1,362,357,350,345,274,262,412
1,2,2,2,1,1,1,1,362,414,350,335,274,278,436
1,2,2,2,1,1,1,1,362,368,350,383,274,243,418
1,2,2,2,1,1,1,1,362,368,350,383,274,243,486
2,2,2,2,1,1,1,1,362,381,350,311,274,342,353
2,2,2,2,1,1,1,1,362,368,350,383,274,243,402
2,2,2,2,1,1,1,1,362,322,350,321,274,304,399
2,2,2,2,1,1,1,1,362,414,350,335,274,278,429
2,2,2,2,1,1,1,1,362,332,350,321,274,280,421
2,2,2,2,1,1,1,1,362,368,350,383,274,243,366
2,2,2,2,1,1,1,1,362,306,350,281,274,320,374
2,2,2,2,1,1,1,1,362,332,350,321,274,280,391
2,2,2,2,1,1,1,1,362,381,350,311,274,342,382
2,2,2,2,1,1,1,1,362,327,350,281,274,266,353
2,2,2,2,1,1,1,1,362,357,350,345,274,262,403
2,2,2,2,1,1,1,1,362,414,350,335,274,278,387
2,2,2,2,1,1,1,1,362,327,350,281,274,266,366
2,2,2,2,1,1,1,1,362,368,350,383,274,243,396
2,2,2,2,1,1,1,1,362,306,350,281,274,320,357
2,2,2,2,1,1,1,1,395,421,314,302,387,298,345
1,2,2,2,1,1,1,1,395,323,314,297,387,222,398
1,2,2,2,1,1,1,1,395,363,314,281,387,295,395
1,2,2,2,1,1,1,1,395,323,314,297,387,222,411
1,2,2,2,1,1,1,1,395,323,314,297,387,222,378
1,2,2,2,1,1,1,1,395,329,314,281,387,264,371
1,2,2,2,1,1,1,1,395,363,314,281,387,295,366
1,2,2,2,1,1,1,1,395,323,314,297,387,222,408
1,2,2,2,1,1,1,1,395,323,314,297,387,222,476
1,2,2,2,1,1,1,1,395,421,314,302,387,298,419
1,2,2,2,1,1,1,1,395,364,314,383,387,226,373
1,2,2,2,1,1,1,1,395,421,314,302,387,298,391
1,2,2,2,1,1,1,1,395,421,314,302,387,298,357
2,2,2,2,1,1,1,1,395,323,314,297,387,222,368
2,2,2,2,1,1,1,1,395,318,314,335,387,236,460
2,2,2,2,1,1,1,1,395,318,314,335,387,236,421
2,2,2,2,1,1,1,1,395,341,314,345,387,276,402
2,2,2,2,1,1,1,1,395,341,314,345,387,276,380
2,2,2,2,1,1,1,1,395,341,314,345,387,276,369
2,2,2,2,1,1,1,1,395,421,314,302,387,298,453
2,2,2,2,1,1,1,1,395,363,314,281,387,295,405
2,2,2,2,1,1,1,1,395,421,314,302,387,298,478
2,2,2,2,1,1,1,1,395,363,314,281,387,295,444
2,2,2,2,1,1,1,1,395,323,314,368,387,323,397
2,2,2,2,1,1,1,1,395,341,314,345,387,276,373
2,2,2,2,1,1,1,1,395,318,314,335,387,236,417
2,2,2,2,1,1,1,1,395,348,314,321,387,340,416
2,2,2,2,1,1,1,1,395,363,314,281,387,295,432
2,2,2,2,1,1,1,1,395,363,314,281,387,295,385
2,2,2,2,1,1,1,1,395,341,314,345,387,276,404
2,2,2,2,1,1,1,1,395,318,314,335,387,236,371
2,2,2,2,1,1,1,1,395,323,314,368,387,323,353
2,2,2,2,1,1,1,1,395,363,314,281,387,295,383
2,2,2,2,1,1,1,1,395,323,314,297,387,222,406
2,2,2,2,1,1,1,1,395,421,314,302,387,298,427
2,2,2,2,1,1,1,1,395,364,314,383,387,226,397
2,2,2,2,1,1,1,1,395,341,314,345,387,276,453
2,2,2,2,1,1,1,1,395,421,314,302,387,298,388
2,2,2,2,1,1,1,1,423,387,325,355,267,324,421
1,2,2,2,1,1,1,1,423,323,325,265,267,221,499
1,2,2,2,1,1,1,1,423,323,325,265,267,221,461
1,2,2,2,1,1,1,1,423,334,325,368,267,284,413
1,2,2,2,1,1,1,1,423,389,325,302,267,229,357
2,2,2,2,1,1,1,1,423,368,325,311,267,324,431
2,2,2,2,1,1,1,1,423,360,325,330,267,339,437
2,2,2,2,1,1,1,1,423,326,325,297,267,281,417
2,2,2,2,1,1,1,1,423,309,325,383,267,285,387
2,2,2,2,1,1,1,1,423,309,325,383,267,285,420
2,2,2,2,1,1,1,1,423,323,325,265,267,221,446
1,2,2,2,1,1,1,1,423,309,325,383,267,285,378
2,2,2,2,1,1,1,1,423,323,325,265,267,221,399
2,2,2,2,1,1,1,1,423,368,325,311,267,324,371
2,2,2,2,1,1,1,1,423,326,325,297,267,281,387
2,2,2,2,1,1,1,1,423,375,325,345,267,326,410
2,2,2,2,1,1,1,1,423,326,325,297,267,281,368
2,2,2,2,1,1,1,1,423,323,325,265,267,221,404
1,2,2,2,1,1,1,1,359,356,302,345,229,262,369
1,2,2,2,1,1,1,1,359,318,302,265,229,299,364
1,2,2,2,1,1,1,1,359,316,302,281,229,280,381
1,2,2,2,1,1,1,1,359,318,302,265,229,299,375
1,2,2,2,1,1,1,1,359,318,302,265,229,299,464
1,2,2,2,1,1,1,1,359,318,302,265,229,299,441
1,2,2,2,1,1,1,1,359,334,302,383,229,285,395
1,2,2,2,1,1,1,1,359,354,302,355,229,309,402
1,2,2,2,1,1,1,1,359,364,302,311,229,288,414
1,2,2,2,1,1,1,1,359,354,302,355,229,309,409
1,2,2,2,1,1,1,1,359,364,302,311,229,288,473
2,2,2,2,1,1,1,1,359,314,302,281,229,239,384
2,2,2,2,1,1,1,1,359,356,302,345,229,262,403
2,2,2,2,1,1,1,1,359,314,302,281,229,239,399
2,2,2,2,1,1,1,1,359,359,302,315,229,261,388
2,2,2,2,1,1,1,1,359,334,302,383,229,285,394
2,2,2,2,1,1,1,1,359,318,302,265,229,299,395
2,2,2,2,1,1,1,1,359,316,302,281,229,280,468
2,2,2,2,1,1,1,1,359,318,302,265,229,299,384
2,2,2,2,1,1,1,1,359,344,302,321,229,280,373
2,2,2,2,1,1,1,1,359,318,302,265,229,299,388
2,2,2,2,1,1,1,1,359,318,302,265,229,299,346
2,2,2,2,1,1,1,1,359,364,302,311,229,288,398
2,2,2,2,1,1,1,1,359,364,302,311,229,288,448
2,2,2,2,1,1,1,1,359,291,302,330,229,221,385
2,2,2,2,1,1,1,1,359,314,302,281,229,239,354
2,2,2,2,1,1,1,1,359,291,302,330,229,221,406
2,2,2,2,1,1,1,1,359,364,302,311,229,288,393
2,2,2,2,1,1,1,1,359,334,302,383,229,285,378
2,2,2,2,1,1,1,1,359,364,302,311,229,288,423
2,2,2,2,1,1,1,1,359,318,302,265,229,299,414
2,2,2,2,1,1,1,1,359,364,302,311,229,288,438
2,2,2,2,1,1,1,1,359,364,302,311,229,288,415
2,2,2,2,1,1,1,1,359,359,302,315,229,261,344
2,2,2,2,1,1,1,1,359,318,302,265,229,299,397
2,2,2,2,1,1,1,1,359,354,302,355,229,309,413
2,2,2,2,1,1,1,1,359,354,302,355,229,309,418
1,2,2,2,1,1,1,1,386,334,334,315,309,269,428
1,2,2,2,1,1,1,1,386,363,334,383,309,234,399
2,2,2,2,1,1,1,1,386,356,334,345,309,262,441
2,2,2,2,1,1,1,1,386,334,334,315,309,269,378
2,2,2,2,1,1,1,1,386,332,334,355,309,234,396
2,2,2,2,1,1,1,1,386,356,334,345,309,262,475
2,2,2,2,1,1,1,1,386,422,334,330,309,339,349
2,2,2,2,1,1,1,1,386,334,334,315,309,269,370
2,2,2,2,1,1,1,1,386,314,334,437,309,301,368
2,2,2,2,1,1,1,1,386,317,334,281,309,264,342
2,2,2,2,1,1,1,1,386,337,334,311,309,288,396
2,2,2,2,1,1,1,1,386,314,334,437,309,301,342
2,2,2,2,1,1,1,1,386,370,334,302,309,307,356
2,2,2,2,1,1,1,1,386,363,334,383,309,234,362
2,2,2,2,1,1,1,1,386,363,334,383,309,234,373
2,2,2,2,1,1,1,1,386,334,334,315,309,269,382
2,2,2,2,1,1,1,1,386,383,334,368,309,306,369
2,2,2,2,1,1,1,1,386,356,334,345,309,262,358
2,2,2,2,1,1,1,1,386,363,334,383,309,234,443
2,2,2,2,1,1,1,1,386,383,334,368,309,306,382
2,2,2,2,1,1,1,1,386,383,334,368,309,306,448
2,2,2,2,1,1,1,1,386,363,334,383,309,234,427
2,2,2,2,1,1,1,1,386,356,334,345,309,262,376
1,2,2,2,1,1,1,1,451,309,303,321,315,324,389
1,2,2,2,1,1,1,1,451,360,303,315,315,349,455
1,2,2,2,1,1,1,1,451,342,303,281,315,293,457
1,2,2,2,1,1,1,1,451,289,303,383,315,240,359
1,2,2,2,1,1,1,1,451,407,303,368,315,313,457
1,2,2,2,1,1,1,1,451,407,303,368,315,313,468
1,2,2,2,1,1,1,1,451,342,303,281,315,293,468
1,2,2,2,1,1,1,1,451,344,303,345,315,234,403
1,2,2,2,1,1,1,1,451,344,303,345,315,234,437
1,2,2,2,1,1,1,1,451,309,303,321,315,324,387
1,2,2,2,1,1,1,1,451,342,303,281,315,293,426
1,2,2,2,1,1,1,1,451,353,303,330,315,286,439
1,2,2,2,1,1,1,1,451,342,303,281,315,293,364
1,2,2,2,1,1,1,1,451,342,303,281,315,293,410
1,2,2,2,1,1,1,1,451,344,303,345,315,234,471
1,2,2,2,1,1,1,1,451,407,303,368,315,313,489
1,2,2,2,1,1,1,1,451,344,303,345,315,234,497
1,2,2,2,1,1,1,1,451,344,303,345,315,234,387
1,2,2,2,1,1,1,1,451,344,303,345,315,234,396
1,2,2,2,1,1,1,1,451,353,303,330,315,286,458
1,2,2,2,1,1,1,1,451,335,303,265,315,357,390
2,2,2,2,1,1,1,1,451,342,303,281,315,293,421
2,2,2,2,1,1,1,1,451,407,303,368,315,313,424
2,2,2,2,1,1,1,1,451,342,303,281,315,293,357
1,2,2,2,1,1,1,1,451,353,303,330,315,286,467
2,2,2,2,1,1,1,1,451,342,303,281,315,293,372
2,2,2,2,1,1,1,1,451,407,303,368,315,313,471
2,2,2,2,1,1,1,1,451,407,303,368,315,313,417
2,2,2,2,1,1,1,1,451,342,303,281,315,293,362
2,2,2,2,1,1,1,1,451,407,303,368,315,313,404
2,2,2,2,1,1,1,1,451,360,303,315,315,349,427
2,2,2,2,1,1,1,1,451,353,303,330,315,286,355
2,2,2,2,1,1,1,1,451,344,303,345,315,234,418
2,2,2,2,1,1,1,1,451,342,303,281,315,293,381
2,2,2,2,1,1,1,1,451,342,303,281,315,293,436
2,2,2,2,1,1,1,1,451,360,303,315,315,349,414
2,2,2,2,1,1,1,1,451,342,303,281,315,293,392
2,2,2,2,1,1,1,1,451,407,303,368,315,313,485
2,2,2,2,1,1,1,1,451,309,303,321,315,324,375
2,2,2,2,1,1,1,1,451,353,303,330,315,286,424
2,2,2,2,1,1,1,1,451,342,303,281,315,293,411
2,2,2,2,1,1,1,1,451,342,303,281,315,293,390
2,2,2,2,1,1,1,1,451,360,303,315,315,349,398
2,2,2,2,1,1,1,1,451,353,303,330,315,286,352
2,2,2,2,1,1,1,1,451,407,303,368,315,313,491
2,2,2,2,1,1,1,1,451,309,303,321,315,324,386
2,2,2,2,1,1,1,1,451,342,303,281,315,293,359
1,2,2,2,1,1,1,1,396,356,355,265,290,319,400
1,2,2,2,1,1,1,1,396,321,355,302,290,325,502
1,2,2,2,1,1,1,1,396,329,355,437,290,302,407
1,2,2,2,1,1,1,1,396,356,355,265,290,319,382
1,2,2,2,1,1,1,1,396,338,355,321,290,280,437
2,2,2,2,1,1,1,1,396,338,355,321,290,280,359
2,2,2,2,1,1,1,1,396,321,355,302,290,325,380
2,2,2,2,1,1,1,1,396,356,355,265,290,319,439
2,2,2,2,1,1,1,1,396,326,355,345,290,244,350
2,2,2,2,1,1,1,1,396,326,355,345,290,244,426
2,2,2,2,1,1,1,1,396,366,355,265,290,357,431
2,2,2,2,1,1,1,1,396,366,355,265,290,357,478
2,2,2,2,1,1,1,1,396,356,355,265,290,319,411
2,2,2,2,1,1,1,1,396,326,355,345,290,244,387
2,2,2,2,1,1,1,1,396,338,355,321,290,280,361
2,2,2,2,1,1,1,1,396,311,355,368,290,343,387
2,2,2,2,1,1,1,1,396,333,355,311,290,367,356
2,2,2,2,1,1,1,1,396,321,355,302,290,325,359
2,2,2,2,1,1,1,1,396,366,355,265,290,357,357
2,2,2,2,1,1,1,1,396,333,355,311,290,367,402
2,2,2,2,1,1,1,1,396,333,355,311,290,367,387
1,2,2,2,1,1,1,1,396,362,355,462,290,328,420
2,2,2,2,1,1,1,1,396,293,355,315,290,294,424
2,2,2,2,1,1,1,1,396,365,355,383,290,285,395
2,2,2,2,1,1,1,1,396,329,355,437,290,302,374
2,2,2,2,1,1,1,1,396,356,355,265,290,319,408
2,2,2,2,1,1,1,1,396,311,355,368,290,343,350
2,2,2,2,1,1,1,1,409,299,321,265,294,221,344
2,2,2,2,1,1,1,1,396,338,355,321,290,280,344
2,2,2,2,1,1,1,1,396,321,355,302,290,325,434
1,2,2,2,1,1,1,1,383,305,285,437,263,302,387
2,2,2,2,1,1,1,1,383,374,285,315,263,254,346
2,2,2,2,1,1,1,1,383,402,285,462,263,256,384
2,2,2,2,1,1,1,1,383,374,285,315,263,254,404
1,2,2,2,1,1,1,1,334,297,265,309,271,291,450
1,2,2,2,1,1,1,1,334,359,265,345,271,366,412
1,2,2,2,1,1,1,1,334,283,265,281,271,280,396
1,2,2,2,1,1,1,1,334,359,265,345,271,366,441
1,2,2,2,1,1,1,1,334,392,265,314,271,286,407
1,2,2,2,1,1,1,1,334,392,265,314,271,286,433
1,2,2,2,1,1,1,1,334,359,265,345,271,366,392
1,2,2,2,1,1,1,1,334,375,265,377,271,305,350
1,2,2,2,1,1,1,1,334,375,265,377,271,305,348
2,2,2,2,1,1,1,1,334,392,265,314,271,286,452
2,2,2,2,1,1,1,1,334,297,265,309,271,291,402
2,2,2,2,1,1,1,1,334,359,265,345,271,366,391
2,2,2,2,1,1,1,1,334,359,265,345,271,366,385
2,2,2,2,1,1,1,1,334,297,265,309,271,291,405
2,2,2,2,1,1,1,1,334,291,265,383,271,244,384
2,2,2,2,1,1,1,1,334,332,265,311,271,268,422
2,2,2,2,1,1,1,1,334,348,265,330,271,339,444
2,2,2,2,1,1,1,1,334,291,265,383,271,244,414
2,2,2,2,1,1,1,1,334,340,265,437,271,253,369
2,2,2,2,1,1,1,1,334,392,265,314,271,286,412
2,2,2,2,1,1,1,1,334,364,265,371,271,304,406
2,2,2,2,1,1,1,1,334,392,265,314,271,286,421
2,2,2,2,1,1,1,1,334,360,265,368,271,343,377
2,2,2,2,1,1,1,1,334,392,265,314,271,286,383
2,2,2,2,1,1,1,1,334,360,265,368,271,343,350
2,2,2,2,1,1,1,1,334,291,265,383,271,244,389
1,2,2,2,1,1,1,1,345,376,265,345,293,300,508
1,2,2,2,1,1,1,1,345,337,265,321,293,330,505
2,2,2,2,1,1,1,1,345,360,265,352,293,284,417
1,2,2,2,1,1,1,1,345,360,265,352,293,284,367
1,2,2,2,1,1,1,1,345,360,265,352,293,284,433
1,2,2,2,1,1,1,1,345,433,265,311,293,367,444
1,2,2,2,1,1,1,1,345,433,265,311,293,367,373
1,2,2,2,1,1,1,1,345,376,265,345,293,300,377
1,2,2,2,1,1,1,1,345,337,265,321,293,330,401
2,2,2,2,1,1,1,1,345,419,265,314,293,387,396
2,2,2,2,1,1,1,1,345,319,265,383,293,302,403
1,2,2,2,1,1,1,1,345,419,265,314,293,387,437
2,2,2,2,1,1,1,1,345,433,265,311,293,367,347
2,2,2,2,1,1,1,1,345,376,265,345,293,300,441
2,2,2,2,1,1,1,1,345,360,265,352,293,284,359
2,2,2,2,1,1,1,1,345,337,265,321,293,330,396
2,2,2,2,1,1,1,1,345,360,265,352,293,284,445
2,2,2,2,1,1,1,1,345,433,265,311,293,367,352
2,2,2,2,1,1,1,1,345,319,265,383,293,302,355
2,2,2,2,1,1,1,1,345,319,265,383,293,302,406
2,2,2,2,1,1,1,1,345,433,265,311,293,367,415
1,2,2,2,1,1,1,1,345,376,265,345,293,300,407
2,2,2,2,1,1,1,1,345,376,265,345,293,300,383
2,2,2,2,1,1,1,1,345,337,265,321,293,330,345
1,2,2,2,1,1,1,1,345,319,265,383,293,302,406
2,2,2,2,1,1,1,1,345,319,265,383,293,302,388
2,2,2,2,1,1,1,1,345,376,265,345,293,300,421
2,2,2,2,1,1,1,1,345,433,265,311,293,367,470
2,2,2,2,1,1,1,1,345,319,265,383,293,302,368
2,2,2,2,1,1,1,1,345,360,265,352,293,284,354
2,2,2,2,1,1,1,1,345,433,265,311,293,367,370
2,2,2,2,1,1,1,1,345,376,265,345,293,300,437
2,2,2,2,1,1,1,1,345,376,265,345,293,300,401
2,2,2,2,1,1,1,1,345,360,265,352,293,284,395
1,2,2,2,1,1,1,1,396,381,335,382,259,285,444
1,2,2,2,1,1,1,1,396,272,335,437,259,301,435
1,2,2,2,1,1,1,1,396,378,335,311,259,268,391
1,2,2,2,1,1,1,1,396,272,335,437,259,301,366
1,2,2,2,1,1,1,1,396,272,335,437,259,301,387
1,2,2,2,1,1,1,1,396,367,335,314,259,293,503
1,2,2,2,1,1,1,1,396,367,335,314,259,293,499
1,2,2,2,1,1,1,1,396,367,335,314,259,293,427
1,2,2,2,1,1,1,1,396,272,335,437,259,301,410
1,2,2,2,1,1,1,1,396,365,335,371,259,223,444
2,2,2,2,1,1,1,1,396,381,335,382,259,285,430
2,2,2,2,1,1,1,1,396,378,335,311,259,268,346
2,2,2,2,1,1,1,1,396,272,335,437,259,301,372
2,2,2,2,1,1,1,1,396,382,335,345,259,366,400
2,2,2,2,1,1,1,1,396,349,335,321,259,324,421
2,2,2,2,1,1,1,1,396,272,335,437,259,301,387
2,2,2,2,1,1,1,1,396,367,335,314,259,293,402
2,2,2,2,1,1,1,1,396,365,335,383,259,302,403
2,2,2,2,1,1,1,1,396,272,335,437,259,301,396
2,2,2,2,1,1,1,1,396,371,335,330,259,298,365
2,2,2,2,1,1,1,1,396,371,335,330,259,298,419
2,2,2,2,1,1,1,1,396,367,335,314,259,293,349
2,2,2,2,1,1,1,1,396,367,335,314,259,293,396
2,2,2,2,1,1,1,1,396,382,335,345,259,366,415
2,2,2,2,1,1,1,1,396,378,335,311,259,268,385
2,2,2,2,1,1,1,1,396,367,335,314,259,293,400
2,2,2,2,1,1,1,1,396,349,335,321,259,324,390
2,2,2,2,1,1,1,1,396,365,335,383,259,302,362
2,2,2,2,1,1,1,1,396,378,335,311,259,268,358
2,2,2,2,1,1,1,1,396,381,335,382,259,285,393
2,2,2,2,1,1,1,1,396,365,335,371,259,223,425
2,2,2,2,1,1,1,1,396,382,335,345,259,366,365
2,2,2,2,1,1,1,1,396,365,335,371,259,223,414
2,2,2,2,1,1,1,1,396,365,335,371,259,223,417
2,2,2,2,1,1,1,1,396,349,335,321,259,324,395
2,2,2,2,1,1,1,1,396,378,335,311,259,268,363
2,2,2,2,1,1,1,1,396,365,335,371,259,223,359
2,2,2,2,1,1,1,1,396,367,335,314,259,293,420
2,2,2,2,1,1,1,1,396,382,335,345,259,366,349
1,2,2,2,1,1,1,1,369,270,344,383,260,247,397
1,2,2,2,1,1,1,1,369,370,344,437,260,301,421
1,2,2,2,1,1,1,1,369,288,344,265,260,293,413
2,2,2,2,1,1,1,1,369,339,344,321,260,259,410
2,2,2,2,1,1,1,1,369,397,344,314,260,387,375
2,2,2,2,1,1,1,1,369,358,344,382,260,299,354
2,2,2,2,1,1,1,1,369,339,344,321,260,259,378
2,2,2,2,1,1,1,1,369,312,344,345,260,355,405
2,2,2,2,1,1,1,1,369,288,344,265,260,293,406
2,2,2,2,1,1,1,1,369,270,344,383,260,247,377
2,2,2,2,1,1,1,1,369,270,344,383,260,247,356
2,2,2,2,1,1,1,1,369,365,344,368,260,323,393
2,2,2,2,1,1,1,1,369,370,344,437,260,301,375
2,2,2,2,1,1,1,1,369,270,344,383,260,247,364
2,2,2,2,1,1,1,1,369,370,344,437,260,301,360
2,2,2,2,1,1,1,1,369,270,344,383,260,247,357
2,2,2,2,1,1,1,1,369,358,344,382,260,299,367
2,2,2,2,1,1,1,1,369,288,344,265,260,293,400
2,2,2,2,1,1,1,1,369,390,344,311,260,367,362
2,2,2,2,1,1,1,1,369,312,344,345,260,355,401
2,2,2,2,1,1,1,1,369,343,344,330,260,345,428
2,2,2,2,1,1,1,1,369,370,344,437,260,301,393
2,2,2,2,1,1,1,1,369,312,344,345,260,355,371
2,2,2,2,1,1,1,1,369,270,344,383,260,247,350
2,2,2,2,1,1,1,1,369,288,344,265,260,293,351
